course_id,learn_count,course_name,category
C_2244927,2,Draping for Fashion Design,工学
C_1992918,2,化学与创新,理学
C_1785616,2,Functional Experiments,教育学
C_1824934,2,学前儿童心理发展概论,教育学
C_1760323,2,概率论与数理统计,理学
C_2328473,2,动画美术设计,艺术学
C_697195,2,区块链应用工程师微学位,工学
C_1774981,2,Topographic Anatomy and Operative Surgery,工学
C_681585,2,云上的数据分析-实时流处理在AWS上的实现与实践,工学
C_1764859,2,Socially-Responsible Real Estate Development: Learning to Use Impact Assessment Tools Effectively（国际版）,工学
C_1907852,2,水文地质学基础,理学
C_707221,2,食物与健康,食品科学与工程
C_629558,2,医学免疫学与病原生物学,医学
C_654506,2,系列课-开课已结束有回顾时长,工学
C_2255633,2,科学学习5天记忆力特训营,教育学
C_1824917,2,护理伦理学Nursine Ethics,医学
C_682225,2,自动化专业概论,控制科学与工程
C_681079,2,生命科学与人类生活,理学
C_1886678,2,Introduction To Hospitality,管理学
C_629503,2,信息素养——学术研究的必修课（2019春）,情报与档案管理
C_1925892,2,时尚买手训练营,艺术学
C_1844128,2,Landscape Architecture Design,工学
C_1925905,2,Microbiology,工学
C_791424,2,生理与遗传学基础,医学
C_1789680,2,A Bite of Chinese Materia Medica,工学
C_2223976,2,网络信息资源获取与管理,工学
C_1792323,2,道路交通事故处理,工学
C_911178,2,化学基础,理学
C_1774986,2,A Beginner’s Guide to Etiquette,工学
C_654554,2,系列课-开课中,工学
C_842836,2,化学反应工程,理学
C_2229906,2,微观经济学,经济学
C_1775020,2,Personality and Mental Disorders—Be a Therapist of Your Own ,教育学
C_1875490,2,班主任技能训练,管理学
C_1824918,2,国际私法,法学
C_1772942,2,人工智能数学基础,工学
C_2308101,2,机器人技术基础,工学
C_2316363,2,Hospitality English,文学
C_1864065,2,化工流体流动与传热,工学
C_2266748,2,数学文化,理学
C_782508,2,地质学与工程地质,地质资源与地质工程
C_697327,2,食出健康——食物中的寄生虫解析,医学
C_1916220,2,中央财经工商管理专业（MBA）学姐 院校选择及备考经验分享,管理学
C_682203,2,AP*备考——生物学，第五部分：复习及考前准备,理学
C_1825362,2,Environmental Accounting and Management,工学
C_697013,2,普通生物学,理学
C_1928986,2,计算机图形学,工学
C_696960,2,教师信息技术应用能力提升,教育学
C_681158,2,大学物理(下),理学
C_1755961,2,英语写作指导——润色提升（国际版）,文学
C_1766899,2,大学物理,物理学
C_1891038,2,Pharmacology,工学
C_1123944,2,软件测试与质量保证,工学
C_682514,2,人类遗传探秘,生物学
C_2226095,2,燃烧与爆炸,理学
C_948124,2,线性代数,理学
C_747017,2,水处理工程,工学
C_1987717,2,计算机组织与结构,工学
C_1771167,2,Ansai Waist,工学
C_881704,2,自动控制原理,工学
C_1854868,2,服装结构设计,艺术学
C_697584,2,化工单元过程与操作,工学
C_2226108,2,环境质量评价,管理学
C_1904002,2,Management: Chinese Perspective and Practice,工学
C_1765592,2,Simplified  Acupuncture and Moxibustion,教育学
C_688385,2,纺织品商检学,医学
C_1765600,2,Soil Mechanics,工学
C_916830,2,媒介道德与法规,文学
C_1767576,2,中学生认知与学习心理,教育学
C_681091,2,足球竞赛规则与裁判法分析,教育学
C_1764852,2,免疫学基础——第Ⅰ部分（国际版）,医学
C_682282,2,循环经济与可持续发展型企业,应用经济学
C_1789695,2,中国城市发展之“前世·今生”,历史学
C_2009086,2,看得透市场,教育学
C_1891049,2,Dental Anatomy and Physiology,工学
C_2235604,2,计算机音乐,工学
C_2111790,2,22考研数学二全程系统班,理学
C_948081,2,钛合金及应用,工学
C_2059299,2,视觉传达与传播设计,艺术学
C_2328468,2,室内乐,艺术学
C_2244926,2,商务谈判学,军事学
C_735086,2,思想道德修养与法律基础,军事学
C_1765595,2,Alearning Course Thesis Research and Writing,工学
C_1755940,2,Publication of Research Papers —Ladder to International Academic Arena,工学
C_681721,2,亲子创意游戏多,医学
C_1902539,2,实验室安全与防护,医学
C_2343056,2,运动训练基本原理与方法,教育学
C_1774985,2,3ds Max: A Quick Start from Zero to One,工学
C_948434,2,国际贸易学,经济学
C_681710,2,健康安心的长大,医学
C_681122,2,船舶文化,工学
C_947162,2,动作捕捉技术与应用,艺术学
C_1765596,2,Components in Automatic Control Systems,工学
C_1907855,2,安装工程计量与计价,工学
C_680871,2,船,科学技术史
C_1824911,2,妇科临床护理实践,医学
C_1806811,2,Embedded Software Design,工学
C_2199460,2,管理统计学,理学
C_2316361,2,Applications of Calculus,工学
C_629514,2,《资治通鉴》导读,历史学
C_1756073,2,Music & Culture in English,工学
C_819279,2,固体废物处理与处置,工学
C_1875512,2,理工创新工坊,管理学
C_1829952,2,国际贸易理论与实务,经济学
C_2266759,2,生物化学与分子生物学,理学
C_2266776,2,Biomedical Sensors,工学
C_734067,2,《水木闻道》第一季-清画未来,教育学
C_2329521,2,生殖医学研究锦囊--从基础到临床,医学
C_1696158,2,财经报道实训：成为讲故事的高手,经济学
C_824095,2,测试小程序附件,工学
C_1724279,2,护理心理伦理学,医学
C_1771176,2,Music makes one healthy,工学
C_1916174,2,管理类联考（考研） 高分备考规划,管理学
C_584329,2,微积分——极限理论与一元函数,应用经济学
C_735450,2,微观经济学(2018秋),经济学
C_1761459,2,AP Environmental Science - Part 3: Pollution and Resources（国际版）,教育学
C_1907850,2,食品分析技术,教育学
C_2059285,2,植物的欲望,医学
C_1764851,2,数字时代的医学（国际版）,医学
C_1724282,2,传媒形象塑造,艺术学
C_1767578,2,Web后端开发技术,工学
C_789961,2,Studio测试资源勿删   ,教育学
C_1992980,2,自然语言处理训练营,文学
C_1764843,2,Foundations of Computer Graphics（国际版）,工学
C_696975,2,Sustainable Cities,教育学
C_655852,2,系列课-已结课无回顾时长,工学
C_1741500,2,汽车检测与诊断,医学
C_1714441,2,建筑施工技术,工学
C_2229928,2,Strategies of Becoming a Dessert Master,工学
C_1944731,2,传统民俗与中华艺术,历史学
C_1789682,2,Approaching the Mysterious Traditional Chinese Medicine,工学
C_2221559,2,陕西导游英语,文学
C_682273,2,商务汉语（中国商务概览）,教育学
C_1789688,2,Diagnostics in Chinese Medicine,工学
C_1886691,2,The Economic Way of Thinking,工学
C_696667,2,设施园艺学,园艺学
C_1980010,2,22考研英语二高分系统班,文学
C_2266760,2,分子医学技术,医学
C_696812,2,股权融资相关法律知识,法学
C_1884058,2,Building Community Resilience and Development,教育学
C_696846,2,形势与政策,经济学
C_682475,2,欧盟经济,经济学
C_2225789,2,药物现代评价方法,医学
C_655850,2,系列课-开课未开始,工学
C_1760295,2,大学物理（力学）,理学
C_1779849,2,Chang'an and Chinese Buddhism,工学
C_2229902,2,大学体育1（篮球）,教育学
C_1764869,2,Natural Disasters（国际版）,工学
C_681580,2,无服务器架构系列讲解 - Lambda + API Gateway,工学
C_682604,2,现代交换技术,工学
C_2199450,2,力学与生活,理学
C_1766168,2,Concise Circuits,工学
C_682686,2,大数据分析师（第一期）,工学
C_1755920,2,Film and Cultural Studies,工学
C_1784729,2,Basic Molecular Biology ,工学
C_1903992,2,艺术与经营相会,艺术学
C_680981,2,总经理领导力突破的六堂课,管理学
C_681707,2,资讯管理概论－影人入胜,管理学
C_898292,2,高职体育与健康,医学
C_1912019,2,CNC Programming,工学
C_2221567,2,线性代数,理学
C_1907838,2,Molecular Biology,工学
C_1742805,2,C++编程训练营,工学
C_1778566,2,The intangible cultural heritage textile -- let the world understand the beauty of China,教育学
C_697081,2,高等数学,理学
C_1918004,2,天津大学工商管理专业（MBA） 学姐提前面试和备考经验分享,管理学
C_1795748,2,Marketing in the Mobile Internet Era,教育学
C_707063,2,创·课十讲：下一只独角兽的摇篮课,管理学
C_1761358,2,Research Methods in Tourism Studies（国际版）,管理学
C_1912477,2,21考研政治1000题学霸刷题班,法学
C_2342499,2,热流体工程,工学
C_697590,2,职场需要的18种能力,教育学
C_770768,2,结构力学（3）,工学
C_1764866,2,热带海岸线生态系统（国际版）,工学
C_1784711,2,Introduction to Natural Science,教育学
C_1771156,2,English Public Speaking,工学
C_1864058,2,Contemporary Electronic System Design,工学
C_916851,2,Thai on Campus,教育学
C_2211915,2,（校内）学做小程序--云开发篇：近义词小程序,工学
C_2059290,2,化工原理,工学
C_1774989,2,Plants Design：Accessing to East Asian Art,工学
C_1796396,2,Production Engineering,工学
C_2338360,2,医学的故事,医学
C_948148,2,海洋文学,文学
C_1864063,2,无土栽培学,农学
C_1778564,2,Diagnostic Ultrasonography,工学
C_1741506,2,男装设计,管理学
C_2229920,2,高等数学（经管类）I,理学
C_777194,2,经济数学,理学
C_1891064,2,3S野外实践教学,教育学
C_1915246,2,精准肿瘤学病例分析,医学
C_916833,2,中华古代创新名人与创新文化,文学
C_1828101,2,College Education of Aesthetic,工学
C_697059,2,英语话农史—华夏篇,文学
C_1992970,2,数学分析III,理学
C_2328478,2,戏剧概论,艺术学
C_2308093,2,环境工程专业英语,文学
C_696617,2,教育环境中跨文化交流的秘密,教育学
C_681581,2,AWS 云安全--数据加密和密钥管理,工学
C_2199442,2,Basic Principles of Steel Structures,工学
C_1907726,2,高级护理管理实践,医学
C_1864059,2,基础医学概论,医学
C_1764850,2,AP Environmental Science - Part 2: Populations（国际版）,教育学
C_682501,2,水力学,水利工程
C_1755887,2,Intaglio Printmaking,教育学
C_1944727,2,国际营销（英文）,管理学
C_681041,2,Climate Change Science and Negotiations,教育学
C_694141,2,系统工程原理,系统科学
C_1784322,2,人工智能导论,工学
C_1761383,2,Geology and Engineering Geology (International),工学
C_1765591,2,Wisdom of Life from Confucius,工学
C_680767,2,创新的积极心理学,教育学
C_1764848,2,Introduction to Quantitative Investing（国际版）,教育学
C_1762972,2,2021考研199管理类联考（数学）全程班,理学
C_681169,2,财务会计进化论,管理学
C_1682756,2,痕迹识人，管理读心,管理学
C_682303,2,航海概论,船舶与海洋工程
C_735305,2,当代蒙古族题材文学作品诵读,文学
C_681420,2,寄生虫与公共卫生,公共卫生与预防医学
C_1774963,2,Acupuncture and moxibustion,教育学
C_681619,2,分析化学,理学
C_681028,2,耕作学——农业生态转型的理论与实践,农学
C_2059317,2,Analog Electronic Technology,工学
C_2097699,2,肿瘤治疗学,医学
C_735348,2,环境类专业野外实习与实践,教育学
C_1891044,2,Oncology：Cancer Prevention&Treatment and Healthy Life,工学
C_1903982,2,《风从东方来：今日中国概况》（全英文）,文学
C_734053,2,电路与电子技术,工学
C_855431,2,Introduction to Quantitative Investing,教育学
C_2199186,3,基于慕课的同步异地混合式教学,教育学
C_2218186,3,“金课”申报前核心准备工作,教育学
C_948044,3,法律政策的性别影响评估,法学
C_1755925,3,创意 Creativity,教育学
C_2266770,3,动画制作实践,艺术学
C_2180023,3,基础理论课的课程思政建设——以《组合数学》为例,教育学
C_2228992,3,线上直播课程的品质,教育学
C_2228987,3,板书的电子化,工学
C_2229012,3,OBE精品课重塑过程中的课程达成度评价,教育学
C_1925894,3,蓝色地球,历史学
C_947260,3,跟着案例循序渐进学习c,工学
C_1801907,3,零基础学统计,理学
C_681038,3,Planetary Boundaries,地球物理学
C_2197640,3,直播上课如何课前课中课后?,教育学
C_734028,3,中医养生与亚健康防治,医学
C_681567,3,编程进阶 —— JavaEE 程序设计,工学
C_681712,3,10分钟云上部署Web应用程序,工学
C_1944725,3,中华民族精神,历史学
C_1778560,3,Chinese Art History,教育学
C_2290451,3,临床流行病学,医学
C_2199373,3,在线教学课例与解析——“数字电路与嵌入式系统”课程在线教学的探索与尝试,工学
C_697167,3,全能游戏原画师的武功秘籍,教育学
C_1918552,3,面向新时代学生的课程思政：以课程设计为基础,教育学
C_2229010,3,在线教学的教学质量保障和形成性评价,教育学
C_707109,3,理论力学（B）,理学
C_907951,3,动画视听语言,文学
C_696907,3,大学生安全之消防大讲堂,教育学
C_1886689,3,Histology and Embryology,工学
C_681474,3,动态几何,数学
C_1764847,3,刑事审判心理学（国际版）,教育学
C_948399,3,通信原理,工学
C_682567,3,健康与健康能力,医学
C_1774978,3,Strategic Management,工学
C_2217528,3,青少年编程能力培养计划,工学
C_682488,3,矿井通风,工学
C_2197691,3,基于学习研究的教学理念与方法——以戏剧课程的教学为例,教育学
C_1909608,3,翻转课堂设计实践,教育学
C_1881493,3,一流课程目标下的教学改革实践与思考,教育学
C_1750795,3,交响音乐赏析,艺术学
C_2266755,3,路跑训练指导,教育学
C_677181,3,知识产权法与创新保护,法学
C_2221927,3,立足于“厚”与“宽”的变革、升阶——我对建设一流课程的思考,教育学
C_948294,3,习主席边海防建设重要论述,军事学
C_883229,3,数字电子技术,工学
C_1696155,3,护理评估技术,医学
C_2027893,3,机械制图（Ⅰ）,工学
C_1886696,3,Communication of Chinese Costume Art,工学
C_1884005,3,Supporting Health and Risk Governance in Communities,工学
C_1776281,3,舞台服装设计,艺术学
C_735120,3,AWS人工智能系列课程（进阶课程）,工学
C_2180244,3,艺术思政 文化先行——艺术设计类课程思政,艺术学
C_1755958,3,英语语法和写作风格（国际版）,文学
C_907923,3,数据结构,工学
C_676692,3,科举与中国文化,历史学
C_1776760,3,现代设计方法,工学
C_1755921,3,University Physics - Electricity and Magnetism,工学
C_2197653,3,基于MOOC的混合式教学实践,教育学
C_696792,3,AI技能初体验-DuerOS系统简介（百度云智学院）,工学
C_2218203,3,计算机组成原理与系统结构,工学
C_1789694,3,雷达气象学,教育学
C_682361,3,1周带你玩转Linux,工学
C_735306,3,人体解剖生理学,医学
C_1889446,3,英语四级考前极速提分班,文学
C_948485,3,数据结构与算法,工学
C_1756072,3,Calculus I,工学
C_2172675,3,以学生为中心的教与学,教育学
C_1828108,3,C Programming,工学
C_1804511,3,Mechanical Manufacturing Technology,工学
C_1818546,3,数据科学认证证书项目实践作业,工学
C_1778562,3,Beverage Culture and Management,工学
C_1766169,3,Brain Science and Advanced Imaging Techniques,工学
C_697410,3,《统万城》导读,教育学
C_2215671,3,雨课堂多场景高效教学案例分享,教育学
C_2233592,3,科学家精神与项目设计,教育学
C_943241,3,交通工具设计,艺术学
C_681058,3,结核病,临床医学
C_813497,3,环境毒理学,医学
C_1875518,3,人体解剖学,医学
C_1731888,3,笔译技巧与实践,文学
C_1907840,3,开放式创新与初创企业,管理学
C_799778,3,身边的物理化学,理学
C_2063783,3,International Financial Management,工学
C_1842720,3,工科基础课的在线考试探索与实践,教育学
C_2185788,3,如何打造精彩一课——医学课程设计与实施,教育学
C_2199458,3,在线教学课例与解析——“社会学”课程的在线教学,教育学
C_1825111,3,俄罗斯历史（二）,历史学
C_1944722,3,数据通信与计算机网络,工学
C_697148,3,AP Environmental Science - Part 2: Populations,教育学
C_1761364,3,Global Tourism Development Trends（国际版）,工学
C_2172731,3,国家级一流本科课程申报经验分享：说课视频的设计与制作,教育学
C_2196043,3,互联网时代医学课程创新教学实践,教育学
C_1741526,3,数字化产品设计,工学
C_681380,3,中国广告简史,文学
C_696662,3,创业私董会,管理学
C_2203212,3,药物信息学,医学
C_682574,3,健康信息学,医学
C_894541,3,经济学,经济学
C_911735,3,哈佛沃顿50堂EMBA精华课,哲学
C_682171,3,采矿学,工学
C_681421,3,对外汉语教学概论,教育学
C_1770363,3,微课设计与制作（快速入门篇）,教育学
C_1890207,3,英语六级考前极速提分班,文学
C_1784703,3,Pathology,工学
C_1816012,3,骨科专业硕士研究生典型案例,教育学
C_2228999,3,在线教学中的理念与做法,教育学
C_1909561,3,后疫情时代一流本科课程建设的新思考,教育学
C_681588,3,AWS 云服务部署和迁移课程（进阶课程）,工学
C_2059319,3,Dynamical Simulation of Construction Machinery,工学
C_1912007,3,疫情防控凸显中国的大国担当,工学
C_737499,3,大学语文,文学
C_936936,3,计算机网络工程实践,工学
C_2244915,3,高等代数II,工学
C_948404,3,学科教学法,教育学
C_1627979,3,英语六级全程通关课,文学
C_1814260,3,Pediatrics,工学
C_1828104,3,Progress in Human Embryology,工学
C_2219328,3,基于雨课堂和BOPPPS模型的混合式金课设计,教育学
C_1760314,3,小波与科学,理学
C_697253,3,研究生学术与职业素养讲座,管理学
C_735077,3,毒理学基础,医学
C_2218124,3,清华大学“三位一体”育人理念下专业课教学“课程思政”建设,教育学
C_1903986,3,概率论与数理统计,理学
C_939349,3,生物技术在纺织品加工中的应用,教育学
C_1410386,3,化学工程原理,工学
C_676887,3,技术创新管理,管理学
C_937262,3,核心能力训练营：职场精英必备的6大核心能力,教育学
C_1741511,3,融合新闻学,文学
C_830573,3,数据可视化（清华认证),工学
C_735110,3,微软人工智能 – 服务和API,工学
C_2180235,3,专业课程中融入“课程思政”的思考与初探,教育学
C_1025076,3,轮滑高级教程,教育学
C_2228974,3,高质量教学不完全手册,教育学
C_2151882,3,基于MOOC的混合式教学课程设计,教育学
C_682534,3,交通运输信号,工学
C_2215663,3,从讲好到学好——从教学比赛出发的个人成长,教育学
C_682498,3,玩转英美,文学
C_2189518,3,热恋表白VS相守一生——以《材料力学-压杆稳定》为例谈谈讲课比赛与课堂教学,教育学
C_2199199,3,大道至简，内容为王——在线直播授课“道”与“术”,教育学
C_1761379,3,Water and Wastewater Treatment Engineering: Physicochemical Technology（International edition）,工学
C_2215499,3,跨学科合作与国际期刊论文写作,文学
C_837708,3,东南亚南亚商务,管理学
C_676948,3,现代设计方法,工学
C_697142,3,广播电视广告（实验）,文学
C_1714447,3,油藏数值模拟,教育学
C_680852,3,2017年清华大学研究生学位论文答辩（二）,教育学
C_830439,3,数据科学导论（清华认证）,工学
C_681583,3,AWS云计算数据搜索与分析---Amazon Elasticsearch,工学
C_2231603,3,全球化时代的学习革命与高校人才培养,教育学
C_688336,3,Natural Disasters,公共管理
C_1756066,3,History of Chinese Architecture Part I,工学
C_1842906,3,形式、结构、思想——微积分课程网上直播授课实践,理学
C_1992929,3,运动训练学,教育学
C_2320828,3,基础笔译,文学
C_681130,3,民族健身操赏析与实操,艺术学
C_1774987,3,Academic English for Science and Engineering,工学
C_947237,3,化工工程制图,工学
C_2297227,3,民族居住环境与传续设计,工学
C_943234,3,自动化导论,工学
C_1842662,3,浅谈数学基础课的线上授课&教学设计,教育学
C_2059301,3,因为它，爱上家——居住区规划原理,工学
C_2219435,3,全球线上教学实践与教学质量保障措施范例分享,教育学
C_823327,3,C语言程序设计基础,工学
C_931256,3,程序设计语言（C语言）,工学
C_1896473,3,工程伦理,法学
C_2233465,3,大学的初心,教育学
C_2218040,3,在线教学课例与解析——“大学物理”课程线上线下混合式教学,教育学
C_1731884,3,数学文化,理学
C_680859,3,采油工程,石油与天然气工程
C_1776297,3,电子商务英语,管理学
C_1771153,3,Introduction to C++: Problem Solving Using Computational Thinking,教育学
C_1761463,3,免疫学基础——第Ⅱ部分（国际版）,医学
C_1837426,3,教你玩转Excel，收获高效人生,教育学
C_681377,3,人体骨与关节解剖学,医学
C_735168,3,工程材料基础,工学
C_697162,3,抗菌药物耐药性,医学
C_2171820,3,中国马克思主义与当代,法学
C_2199303,3,在线教学课例与解析——“医学伦理学”课程的在线教学,教育学
C_1907833,3,An Introduction to Literature,工学
C_1926748,3,线上线下之间的转身,教育学
C_1770905,3,算法训练营,工学
C_2059294,3,数学物理方程,理学
C_1771174,3,Computer-Aided Drug Design,教育学
C_911162,3,微观经济学,经济学
C_939360,3,医学基因组学,医学
C_1844101,3,美国药品医疗器械监管概述,管理学
C_1761370,3,Western and Chinese Art: Masters and Classics,工学
C_2199449,3,云南旅游文化之行,理学
C_1782008,3,Database Technology and Programming,教育学
C_1750788,3,零售药店管理实务,管理学
C_830568,3,数据挖掘：理论与算法（清华认证）,工学
C_1828098,3,English Novel Reading,文学
C_1776285,3,学前儿童教育研究方法,教育学
C_2237037,3,在线教学课例与解析——“景观技术一：竖向和道路”课程的在线教学,教育学
C_1724285,3,心电图的识别和应用,医学
C_2292312,3,矩阵分析（英文版）,理学
C_830572,3,知识产权法律及实务（清华认证),法学
C_1824915,3,汽车电气设备构造与维修,教育学
C_1755913,3,Seminar on Latest Development in Logic,工学
C_947266,3,大学生心理健康教育,教育学
C_681448,3,病理生理学,临床医学
C_677187,3,创新设计梦工场,教育学
C_2221879,3,信息技术环境下如何上好一堂课,教育学
C_916853,3,Survival Thai,文学
C_1073350,3,测试训练营0206,教育学
C_696610,3,足球裁判法,教育学
C_697577,3,昆虫.意象.哲学,哲学
C_876710,3,一元微积分,理学
C_1410096,3,通信原理,工学
C_854898,3,Numerical Analysis,工学
C_2197705,3,混合式教学实践：疫情期间在线教学及疫情后的混合式教学,教育学
C_2199351,3,在线教学课例与解析——“电路原理”课程的在线教学,工学
C_735138,3,马克思主义基本原理（1）,法学
C_1766167,3,Lecture Series for Preventing and Controlling COVID-19,教育学
C_1789684,3,Guidance for Protection against COVID-19 for Staff and Students in Universities and Colleges,工学
C_681760,3,大学生心理成长之路,心理学
C_905186,3,创意文化与表现,教育学
C_1793814,3,混合式教学，让学生和你一起嗨,教育学
C_1753494,3,如何使用ZOOM/腾讯会议/钉钉/QQ等软件进行直播授课,工学
C_909451,3,资源经济学,经济学
C_681731,3,金融科技与量化分析,经济学
C_947245,3,C语言程序设计,工学
C_682168,3,解剖与生活,医学
C_2195990,3,基于信息技术的混合式教学模式及其创新演进,教育学
C_876689,3,压铸工艺及模具设计,工学
C_1766171,3,Critical Thinking and Critical Writing,工学
C_947168,3,创业管理,管理学
C_2059291,3,导游知识与技能训练,教育学
C_1755946,3,Advanced Business English,文学
C_681186,3,超级英雄的物理学——从动漫画及科幻电影学物理（2019秋）,理学
C_1761460,3,Flower Arrangements in China and Japan,教育学
C_1903962,3,供热工程,工学
C_1761462,3,Finite Element Method (FEM) Analysis and Applications,工学
C_680976,3,储层表征与建模,理学
C_2141537,3,在线学习活动的设计和反馈,教育学
C_2151897,3,宝剑锋从磨砺出——青年教师教学比赛经验交流,教育学
C_681666,3,中国文化名著导读,文学
C_1764856,3,AP Environmental Science - Part 1: The Living（国际版）,教育学
C_901958,3,素描与体验——原理与形式研究,理学
C_597314,3,大学国文——北宋至现代文学赏析,中国语言文学
C_2281492,3,数学建模与竞赛案例选讲,理学
C_2233600,3,凝心铸魂，立德树人,教育学
C_948050,3,眼保健与眼病预防,教育学
C_1793819,3,“翻转课堂”助力打造“混合式金课”,教育学
C_1827362,3,走进未来的教与学——基于《分子生物学》的线上新混合式教学模式的探索与实践,教育学
C_1811836,3,Selected Classical Chinese Paintings and Chinese Culture,工学
C_1756067,3,Data Structures and Algorithm Design Part II,工学
C_1741536,3,Research Methods in Tourism Studies,管理学
C_2180075,3,专业课与“课程思政”——金课设计与实施,教育学
C_1829950,3,模拟电子技术基础,工学
C_1912004,3,数学分析I,理学
C_2141844,3,儿科学,医学
C_948142,3,化工原理,工学
C_682219,3,速成汉语语法课堂,文学
C_735401,3,AP*备考——生物学，第三部分：演化和多样性,生物学
C_948264,3,病原生物学与免疫学,医学
C_1767588,3,机械工程控制基础,工学
C_1771168,3,Plant Landscape Planning and Design,教育学
C_780844,4,电子政务,工学
C_1811867,4,Medical Virology,工学
C_696965,4,啤酒酿造与文化,食品科学与工程
C_697272,4,自动驾驶汽车电子控制系统工程师训练营,工学
C_1764846,4,Introduction to Ci Poems in the Tang and Song Dynasty,教育学
C_696759,4,冰壶运动,体育学
C_1761380,4,Water and Wastewater Treatment Engineering: Biochemical Technology,工学
C_1778561,4,Learning Erhu From Scratch,工学
C_948293,4,大学语文,文学
C_681212,4,设计行不行,教育学
C_1628160,4,英语四级通关课,文学
C_2210260,4,基于教改如何提升大学教师的教学研究能力,教育学
C_2179942,4,线上往事犹在侧 云端思政已近身,教育学
C_2189334,4,严谨、多彩的课堂教学,教育学
C_697062,4,陶艺基础,文学
C_948416,4,粘性流体力学—层流,理学
C_1767581,4,光影中的文本,教育学
C_866175,4,电工电子技术,工学
C_911133,4,固定消防设施,工学
C_1724283,4,汽车机械基础,工学
C_2179785,4,课程思政的内涵、教学设计与实施路径——以工科专业基础课程和专业课程为例,教育学
C_2290717,4,数值分析,理学
C_682762,4,力学与现代生活——开启科学人生,理学
C_1691453,4,医学研究生教育教学讲座,教育学
C_1898449,4,大数据管理与挖掘,工学
C_1811832,4,Interpreting China: A Dialogue between Tradition and Innovation,教育学
C_936963,4,惯性导航原理,工学
C_2151889,4,加强师德师风建设--做一名“四有”好老师,教育学
C_1811734,4,女装设计,工学
C_680938,4,营商的法律智慧：商法,法学
C_696931,4,环境生态学,管理学
C_697061,4,微积分-2,数学
C_1776290,4,保险法,经济学
C_697241,4,普通地质学,理学
C_1992940,4,宪法学,法学
C_2095352,4,生物医学大型仪器安全、原理及操作应用,医学
C_916825,4,互换性与技术测量,工学
C_1886685,4,Heat Transfer,工学
C_1741502,4,服装表演,艺术学
C_2205152,4,教学基本功与教学竞赛,教育学
C_1778271,4,邓俊辉教授  公开课,工学
C_1696148,4,国际商务,管理学
C_1741498,4,临床免疫学检验技术,医学
C_1714444,4,体育综合英语1,文学
C_1755891,4,Tsinghua Chinese: Start Talking with 1.3 Billion People,文学
C_1814140,4,Medical Imaging,工学
C_830571,4,大数据机器学习（清华认证),工学
C_697172,4,AP Biology - Part 1: The Cell,理学
C_685684,4,亚历山大大帝伟大吗？,军事学
C_1691144,4,新冠肺炎健康科普大家谈,医学
C_1829954,4,当代中国发展与改革,管理学
C_1808487,4,设计心理学,艺术学
C_681017,4,人人爱物流,管理学
C_734068,4,新媒体与社会治理,文学
C_773953,4,焙烤食品加工技术,工学
C_1821490,4,A Guide to English-speaking Countries,文学
C_2343522,4,高等飞行动力学,工学
C_1767590,4,婴儿教育学,教育学
C_1816033,4,骨科相关研究进展,医学
C_696814,4,普通化学,理学
C_810349,4,网球运动学与练,军事学
C_936977,4,诊断学,医学
C_2059287,4,统计计算,理学
C_948244,4,微生物感染与健康,医学
C_1767167,4,教学课件美化及课件动画制作,教育学
C_1824376,4,Clinical Physiology,工学
C_2308102,4,云南特色民间工艺,历史学
C_1912010,4,从新冠疫情看人类命运共同体,教育学
C_2231604,4,教师上好课的三部曲,教育学
C_682347,4,Python零基础证书班 ,工学
C_680922,4,向京东学什么--创京东的十个启示（组织管理与领导力方向）【尚德6】,管理科学与工程
C_1731881,4,环境毒理学,医学
C_2215747,4,信息化环境中的教学研究与学术写作,教育学
C_1925919,4,高校教学质量评价与保障：在线教学的新挑战,教育学
C_735153,4,微观经济学,经济学
C_1789689,4,Life on Mathematics,工学
C_681369,4,外贸跟单实务,教育学
C_2247589,4,系统辨识,工学
C_681087,4,纪录片专题研究,教育学
C_2215284,4,教育实证研究选题及设计,教育学
C_1755948,4,创业102：你能为客户做什么？（国际版）,管理学
C_1829948,4,体育教学论,教育学
C_1714446,4,核反应堆热工分析,工学
C_1789697,4,环境与健康,医学
C_1801563,4,医学生理学实验,医学
C_948034,4,大数据技术原理与应用,工学
C_1641662,4,教师职业道德与行为规范,教育学
C_1755893,4,Laser and Laser Application,工学
C_2009301,4,中国马克思主义与当代,法学
C_934530,4,速滑及短道速滑基础理论与训练,教育学
C_948405,4,经济管理综合实验,管理学
C_1770323,4,基于教学运用实例的“雨课堂”功能介绍,教育学
C_696651,4,电工技术,电气工程
C_735261,4,安卓手机软件拼图式开发App   Inventor,工学
C_948268,4,人体解剖学与组织胚胎学,医学
C_1875539,4,Statistics,工学
C_2227020,4,高级护理实践案例,医学
C_1876253,4,常微分方程,理学
C_681761,4,Code+程序设计大赛习题讲解,工学
C_1912735,4,Web前端攻城狮,工学
C_916858,4,中国概况 ,教育学
C_707013,4,结构力学（2）,工学
C_1940999,4,四级高分过线系统班,文学
C_2228984,4,图表的高阶制作与使用,教育学
C_734019,4,工程图学,工学
C_1787086,4,Fundamentals of Measurement and Signal Analysis,教育学
C_696711,4,高等数学,理学
C_947160,4,园林树木学,农学
C_682692,4,分析仪器使用与维护,工学
C_1755899,4,Scientific Paper Writing and Making Presentation in English,工学
C_1794790,4,微生物学检验,医学
C_1686971,4,血瘀与活血化瘀,教育学
C_948245,4,大气污染控制工程,工学
C_756717,4,神奇的材料世界,工学
C_949439,4,Python程序设计（北邮认证）,工学
C_1907842,4,渗流力学,理学
C_949541,4,产品设计原理,艺术学
C_948267,4,运动学基础,医学
C_696983,4,虚拟样机技术,工学
C_707087,4,AI技能初体验-PaddlePaddle深度学习入门与实战（百度云智学院）,工学
C_1755889,4,New Horizons in Chinese Philosophy,工学
C_697301,4,教师职业道德,教育学
C_1824926,4,旅游景观文化与赏析,教育学
C_737492,4,微生物学,生物学
C_1925897,4,农药学,医学
C_1903988,4,太阳能利用原理与技术,工学
C_2203510,4,构建“线上+线下”的和声课程混合教学模式与线上教学的设计实践,教育学
C_1771170,4,Fundamentals of Piano Performance,工学
C_1875488,4,经典启蒙,文学
C_1761375,4,Chinese History From Warring States to the Tang Dynasty,工学
C_1811716,4,管理学原理,管理学
C_830569,4,高级大数据系统（清华认证）,工学
C_697065,4,构造地质学,理学
C_1736846,4,Access程序设计基础,工学
C_1755915,4,English for Professional Graduates,文学
C_2215477,4,Writing and Publishing Review Papers,教育学
C_1886688,4,The Hardware/Software Systems and Fundamentals of Programming,工学
C_948254,4,中西医结合妇产科学,医学
C_2199453,4,智能证券投资,工学
C_682185,4,AP*备考——环境科学，第四部分：考试复习,教育学
C_696649,4,中原文化（武术篇）,教育学
C_758198,4,职场通识英语视听说,文学
C_837991,4,对外汉语课堂教学设计,教育学
C_1766166,4,Simultaneous Interpreting,工学
C_681197,4,多益FUN轻松,文学
C_1755907,4,User Experience (UX) Design: Human Factors and Culture in Design,教育学
C_1755941,4,Introducing China In English,文学
C_2059286,4,AutoCAD软件应用,工学
C_735243,4,计量经济学,经济学
C_2297229,4,食品营养学,医学
C_911131,4,钢结构制作与安装,工学
C_1751256,4,核反应堆工程（Nuclear Reactor Engineering）,文学
C_2151142,4,爱情美学,哲学
C_936949,4,轻松学测量,工学
C_681672,4,园林植物种植设计,农学
C_2066096,4,工程伦理与学术道德,哲学
C_876711,4,多元微积分,理学
C_1784713,4,Artistic Textiles,工学
C_1828106,4,Pharmacology,工学
C_1720764,4,突发事件心理危机干预,教育学
C_697212,4,面向对象分析与设计,工学
C_735096,4,呼吸系统疾病,医学
C_1527407,4,知识产权法学,法学
C_680984,4,食品微生物学,理学
C_1925903,4,数学分析II,理学
C_1918338,4,人体解剖生理学,医学
C_1438319,4,水文学,文学
C_1756078,4,英文写作指导进阶(国际版),文学
C_1889028,4,清华数为应用开发平台DWF第三期培训,教育学
C_682208,4,计算机网络概论,工学
C_680844,4,奇异的仿生学,教育学
C_1886682,4,Thermal Physics,工学
C_694147,4,清华大学计算机科学与技术系六十周年系庆学术报告（二）系统,工学
C_1755922,4,International Business Management,工学
C_682553,4,组织学,医学
C_1683791,4,认识2019新型冠状病毒,医学
C_682149,4,体育舞蹈与文化,教育学
C_1891061,4,马克思主义基本原理概论,法学
C_682392,4,配送作业组织与实施,教育学
C_1755955,4,创业101：你的客户是谁？（国际版）,管理学
C_735033,4,医学微生物学,医学
C_680900,4,学在南哲：哲学与哲人,哲学
C_907968,4,回望中国古代文化,历史学
C_681021,5,水污染控制工程,水利工程
C_756736,5,新理念英语（English For You）（2019春）,文学
C_2219608,5,面向新时代学生的课程设计与课程思政,教育学
C_1825200,5,基于深度学习的混合式一流课程设计,教育学
C_677161,5,道路交通环境保护,工学
C_682656,5,自然灾害概论,教育学
C_1896509,5,现代数字信号处理,工学
C_2332739,5,学做小程序--云开发篇：近义词小程序,工学
C_756591,5,家具设计,艺术学
C_1776761,5,脑科学与影像新技术,医学
C_922860,5,国际航运实务（中英双语）,管理学
C_1741505,5,服装史,艺术学
C_680764,5,信息隐藏技术,工学
C_697493,5,好导游是怎样炼成的,教育学
C_682165,5,妊娠与疾病,医学
C_697031,5,线性代数（简明版）,理学
C_1797897,5,C程序设计,工学
C_813491,5,社交礼仪,艺术学
C_1123979,5,概率论与数理统计,理学
C_697653,5,人类进化导论,生物学
C_1925896,5,版式设计,艺术学
C_2287003,5,轮机英语听力与会话,文学
C_696890,5,谈医说药,医学
C_681664,5,步步为营：跨文化商务沟通实战,管理学
C_947231,5,实用英语写作,文学
C_1780261,5,从入门到大神：疫情知识智能服务核心技术实践,医学
C_682450,5,网络价值评估,工学
C_1960452,5,医事法学,工学
C_697425,5,AWS 云计算--Amazon ML 机器学习实战,工学
C_681407,5,现代企业文化,管理学
C_749756,5,设计艺术史,艺术学
C_948088,5,线性代数,理学
C_685676,5,英汉语言对比,文学
C_735419,5,简明有机化学（先修课）,理学
C_696816,5,医学统计学（高级篇）,基础医学
C_1765585,5,Culture and Tourism（国际版）,教育学
C_697036,5,植物组织培养技术,作物学
C_681520,5,微软智能商业应用,管理学
C_1741987,5,经世微语课堂,管理学
C_823315,5,渗流力学,理学
C_916841,5,选题策划与案例分析,教育学
C_791822,5,走进中国传统造物的审美世界,教育学
C_681661,5,正常人体功能,医学
C_1916172,5,管理类联考(考研) 考情分析及院校选择,管理学
C_948109,5,自然科学概论,教育学
C_1789683,5,Academic English and Literacy,工学
C_681630,5,中华商道与企业家精神,管理科学与工程
C_681137,5,跨国经营与管理,管理学
C_956129,5,游戏与电竞概论,工学
C_943254,5,计算机网络,工学
C_681587,5,AWS云基础及产品课程（进阶课程）,工学
C_1755895,5,World Arena: Facing Globalization,教育学
C_1750791,5,皮肤性病学,教育学
C_1824931,5,网络安全-应用技术与工程实践,工学
C_881112,5,企业管理,管理学
C_2310930,5,医学科研论文写作,医学
C_2297243,5,数字东巴艺术,工学
C_696625,5,工业企业消防安全,管理学
C_680832,5,儿童生长与营养性疾病,医学
C_682263,5,自动控制原理,工学
C_682743,5,家畜寄生虫病学,兽医学
C_1755919,5,Computer Networks,工学
C_1755909,5,Practical Japanese Conversation,工学
C_947164,5,从“入口”到“出口”：规划好你的大学生活,教育学
C_1842823,5,理工科核心课程中的课程思政——为什么做与怎么做,教育学
C_682477,5,《机械制图习题集》典型习题解答,工学
C_735081,5,进出口业务,教育学
C_1778570,5,Logic and Techniques of Financial Statement Analysis,工学
C_1750781,5,疫苗与健康,医学
C_1731879,5,Java语言程序设计,工学
C_1797899,5,C++程序设计,工学
C_879104,5,基础工程学,工学
C_1755959,5,英语写作指导——写作入门（国际版）,文学
C_734021,5,财务分析（双语课）,管理学
C_682296,5,数学建模案例选讲,理学
C_682372,5,晶体光学,理学
C_682747,5,现代仪器分析,工学
C_681011,5,预防医学导论,医学
C_735280,5,药理学,医学
C_1925898,5,高等代数 I,工学
C_696654,5,丝路南线民间文学,文学
C_851364,5,轮滑基础教程,教育学
C_758997,5,汽车保养作业标准与流程,工学
C_697158,5,AP Environmental Science - Part 3: Pollution and Resources,教育学
C_682493,5,“做中学”Java程序设计,工学
C_682128,5,制浆原理与工程,理学
C_866770,5,计算机程序设计基础（先修课）,工学
C_2297250,5,建筑环境学,工学
C_1912003,5,音乐鉴赏,艺术学
C_916824,5,静水救援技术训练,教育学
C_1756069,5,Data Structures and Algorithm Design Part I,工学
C_1776301,5,植物生物化学,理学
C_1017419,5,智慧政府漫谈,工学
C_707379,5,计算机辅助设计,计算机科学与技术
C_948259,5,妇产科学,医学
C_681039,5,The Best Start in Life: Early Childhood Development for Sustainable Development,教育学
C_735431,5,工程制图基础,工学
C_2228534,5,如何把课讲生动——课堂教学理念、设计与技巧,教育学
C_800267,5,机械原理,工学
C_1761374,5,China’s Perspective on Climate Change,教育学
C_1731918,5,Access数据库技术及应用,工学
C_735069,5,土力学,地质学
C_916844,5,创业理论与实践,管理学
C_1774972,5,Traditional Customs and Chinese Arts,工学
C_1755929,5,Medical Terminology Step by Step,工学
C_948488,5,普通高校学生心理健康教育教程,教育学
C_682158,5,国际服务贸易,经济学
C_1777000,5,设计素描,艺术学
C_1557390,5,机器学习,工学
C_1692685,5,自身免疫和自身免疫病,医学
C_696762,5,AP Environmental Science - Part 1: The Living,教育学
C_735156,5,漫画说营销,管理学
C_681068,5,兽医产科学,医学
C_696575,5,定格身边的美——数码摄影攻略,艺术学
C_859519,5,汽车发动机构造,教育学
C_682451,5,输血学及输血学检验技术,医学
C_1776287,5,包装材料学B,工学
C_939342,5,产品设计理念与实务,教育学
C_681335,5,局部解剖与手术学,临床医学
C_756636,5,软件工程,工学
C_681336,5,智能设备应用开发（基于Android平台）,计算机科学与技术
C_905199,5,通信产业经济,工学
C_682248,5,药物分析,药学
C_1771177,5,Chinese Traditional Culture,教育学
C_1741507,5,服装CAD/CAM,艺术学
C_1741501,5,服装图案设计,艺术学
C_947154,5,中国服饰的前世今生,军事学
C_747690,5,环境设计专业导论,工学
C_1811742,5,古生物学,理学
C_1916207,5,北大工商管理专业（MBA）学长 提前面试及备考经验分享,管理学
C_2113371,5,卫生法——健康权利漫谈,医学
C_676701,5,麦肯锡“全球领导力”,战略学
C_948128,5,宏观经济学,经济学
C_681200,5,为公司把把脉,管理科学与工程
C_734050,5,内脏学,医学
C_676918,5,技术创新简史,科学技术史
C_1912188,5,21考研政治80分备考规划,法学
C_2244920,5,基础写作,文学
C_1875515,5,概率论,理学
C_1941018,5,六级高分过线系统班,文学
C_707099,5,灭火战术,军事学
C_1724288,5,大学生需要知道的六件小事儿,法学
C_1761377,5,"Plato, Socrates, and the Birth of Western Philosophy",工学
C_1771543,5,临床科研实验技能,医学
C_1762748,5,思维转变训练营,管理学
C_681081,5,藏语言文字学概论,中国语言文学
C_1760297,5,微电子工艺,工学
C_676645,5,大学生安全与保护,公共卫生与预防医学
C_681330,5,移动互联网开发,教育学
C_735116,6,微软人工智能概览,工学
C_696947,6,语言学概论,文学
C_781627,6,环境与可持续发展,医学
C_859557,6,建设工程招投标与合同管理,管理学
C_735056,6,海商法,法学
C_682558,6,家庭园艺,农学
C_696641,6,牧草种子学,教育学
C_1912002,6,多元统计分析,理学
C_1750814,6,地理信息系统开发基础,工学
C_1903965,6,应用老年学基础,管理学
C_948252,6,中药药剂学,医学
C_948292,6,走进马克思主义文艺元典,法学
C_948080,6,生态毒理学,农学
C_735051,6,运动生理学,医学
C_1894914,6,21考研英语词汇精讲班,文学
C_682464,6,工程热力学,理学
C_876708,6,管理沟通实务,管理学
C_1793742,6,Combinatorics and Algorithms Design,工学
C_758928,6,PHP程序设计,工学
C_1741496,6,电视节目播音主持,文学
C_682344,6,移动通信技术,工学
C_734023,6,计算思维导论,教育学
C_681163,6,太极拳文化及传统杨氏太极拳教学,教育学
C_800391,6,网店运营,管理学
C_797919,6,舌尖上的微生物,教育学
C_948392,6,制药设备与车间设计,工学
C_680986,6,石油工程岩石力学,石油与天然气工程
C_735064,6,影视动画剧本创作,艺术学
C_1903973,6,医学心理干预,医学
C_1761386,6,Introduction to Psychology,工学
C_682771,6,时域测试技术综合实验,工学
C_682217,6,科举与唐诗,历史学
C_1641666,6,生物与环境,教育学
C_682301,6,制剂工艺与设计,艺术学
C_823317,6,空调技术,医学
C_813290,6,西语国家国情文化概况,经济学
C_2293994,6,研究生课程思政示范课,教育学
C_947265,6,实验针灸学,医学
C_947251,6,嵌入式软件设计,工学
C_898312,6,环境监测,工学
C_948239,6,走进女性的政治世界,法学
C_1940647,6,财务分析与财务管理,管理学
C_680854,6,广播电视广告（理论）,文学
C_1774976,6,Fundamentals of C Programming,工学
C_680835,6,土力学,地质学
C_911173,6,数据结构,工学
C_948407,6,电子商务概论,管理学
C_1429234,6,石油加工工程,工学
C_682659,6,灾害信息传播学,文学
C_823333,6,运动治疗技术,医学
C_948132,6,化工单元操作与设备（一）（二）,工学
C_735290,6,有机化学,理学
C_1683594,6,新型冠状病毒肺炎防控知识讲座,医学
C_1944729,6,实用针灸学——经络养生与康复,医学
C_1886674,6,工程材料及机械制造基础,工学
C_758204,6,西方哲学经典赏析,哲学
C_1771160,6,COVID-19: The Medical Fundamentals,工学
C_2059315,6,Comprehensive Business English,文学
C_681099,6,大学葡萄牙语,外国语言文学
C_682559,6,女性常见疾病知晓与预防,医学
C_681373,6,建筑工程招投标与合同管理,工学
C_766037,6,现代物流作业方案设计与实施,管理学
C_682551,6,中西医结合妇产科学,医学
C_1925922,6,回归分析,理学
C_948210,6,工程中的流动测试理论与方法,工学
C_682313,6,恢复生态学,生物学
C_735111,6,道德与利益,教育学
C_1410076,6,工业机器人技术基础,军事学
C_2097435,6,运动生物力学原理与应用,理学
C_813501,6,汽车是怎么造出来的,艺术学
C_1755952,6,u.lab 0x: 基于觉察的系统创变：感知和共创未来（国际版）,工学
C_893822,6,康复护理学,医学
C_1761385,6,Gateway to Medicine: An Introduction to the Field of Medicine,工学
C_1844102,6,国医中药名家谈,教育学
C_697083,6,热带海岸线生态系统,管理学
C_681015,6,食品微生物学,理学
C_1438353,6,概率论与数理统计,理学
C_682570,6,设计学原理,艺术学
C_882596,6,大学物理实验,理学
C_735328,6,人工智能前沿与产业趋势,工学
C_939336,6,水下声信道,工学
C_901922,6,构型设计制图,教育学
C_735343,6,中华文化通识教程,教育学
C_682660,6,汽车造型设计二维表达,交通运输工程
C_1732845,6,学前教育学,教育学
C_747262,6,计算几何,理学
C_943258,6,物理学与世界进步,理学
C_681578,6,AWS University AWSome Day（认证课程）,工学
C_1891384,6,中国特色社会主义理论与实践研究,法学
C_682343,6,应用语言学理论与实践,中国语言文学
C_1797902,6,Csharp程序设计,工学
C_948262,6,艺术品经济学,经济学
C_735161,6,设备故障诊断技术,医学
C_813182,6,有机化学（双语）,理学
C_926163,6,消防救援技术训练,教育学
C_810834,6,高分子物理,理学
C_936957,6,爆炸气体动力学,理学
C_766192,6,教师职业发展论,教育学
C_682820,6,金融学,经济学
C_682662,6,客户关系管理,管理学
C_747681,6,奇妙的动物世界,教育学
C_677174,6,智圆行方的世界： 中国传统文化概论,中国语言文学
C_735089,6,风景园林设计与品读,农学
C_2302877,6,免疫基因治疗,医学
C_943265,6,环境艺术设计原理,艺术学
C_1755924,6,Advanced Medical English,工学
C_825821,6,跆拳道,教育学
C_1824924,6,植物检疫学,工学
C_1842789,6,一流课程建设和申报之我见,教育学
C_927980,6,思想道德修养与法律基础,军事学
C_1776306,6,过程控制系统,工学
C_735053,6,燃烧学,理学
C_682395,6,商业逻辑训练营：精英们都在学的底层逻辑,管理学
C_680712,6,社会医学,医学
C_696872,6,微电子工艺,工学
C_676684,6,生物医药实验室安全知识,生物医学工程
C_2290629,6,医学SCI论文写作,医学
C_746960,6,琴童家长必修课,教育学
C_854667,6,会计信息系统,工学
C_948296,7,安塞腰鼓,艺术学
C_948123,7,民族学导论专题,教育学
C_948406,7,医院管理学,管理学
C_948085,7,开心学UG·轻松做设计,工学
C_1755888,7,Chinese Landscape Painting Technique,工学
C_676962,7,自然保护与生态安全：拯救地球家园,环境科学与工程
C_681735,7,财政学,经济学
C_789833,7,新闻学基础：历史与理论,文学
C_943962,7,深度迁移学习在NLP当中的应用和实践,管理学
C_696935,7,信号与线性系统,工学
C_948285,7,环境监测,工学
C_948076,7,油气田勘探,理学
C_1753434,7,社会网络分析训练营,工学
C_694160,7,能源学术英语（Ⅱ）,工学
C_916821,7,数字信号处理,工学
C_837698,7,误差理论与测量平差,测绘科学与技术
C_948257,7,正常人体解剖学,医学
C_2229911,7,中医英语进阶,文学
C_1761372,7,New course mode in e-era,教育学
C_696656,7,消防燃烧学,化学工程与技术
C_676707,7,人文视野中的生态学,教育学
C_873860,7,化工原理,工学
C_736530,7,创业学,工商管理
C_893222,7,逻辑学,哲学
C_682728,7,现代汉语言语交际,文学
C_1766165,7,English Critical Thinking and Communication Skills,工学
C_758207,7,土壤地理学,理学
C_1712435,7,新时代大学生恋爱与婚姻,医学
C_735131,7,海上丝绸之路,军事学
C_825822,7,现代遥感技术基础,工学
C_735079,7,生命教育——户外运动安全救护,艺术学
C_1924403,7,文献检索与论文写作,文学
C_1741538,7,民法总论,法学
C_680897,7,医学伦理学,临床医学
C_1756058,7,Principles of Electric Circuits,工学
C_681622,7,国际金融,经济学
C_948265,7,药理学,医学
C_681502,7,出口业务操作,经济学
C_682187,7,服饰艺术传播与创新设计,文学
C_927975,7,核反应堆物理分析(上),理学
C_696696,7,中华诗词经典吟唱,文学
C_694153,7,清华大学计算机科学与技术系六十周年系庆学术报告（四）大数据,工学
C_1724291,7,社会主义建设理论与实践,管理学
C_948212,7,模块化产品设计与开发,工学
C_681057,7,Socially-Responsible Real Estate Development: Learning to Use Impact Assessment Tools Effectively,工学
C_881314,7,北邮认证：人工智能基础,工学
C_677192,7,视听语言,文学
C_909412,7,西班牙语入门,文学
C_682157,7,网球技术动作入门,教育学
C_697226,7,工程制图解读,工学
C_2335763,7,智能医学发展前沿,医学
C_681357,7,万物互联,计算机科学与技术
C_948083,7,疾病的奥秘-病理学,医学
C_769264,7,物理化学实验,理学
C_681333,7,风景园林规划设计I,农学
C_2338353,7,5G系统观：从改变生活到改变世界,工学
C_876712,7,材料成形技术基础,工学
C_682550,7,纸包装结构设计,工学
C_697071,7,理论力学,理学
C_2316355,7,西方国际关系理论,法学
C_697121,7,中国戏曲文化,历史学
C_681415,7,小儿推拿学,医学
C_1824921,7,西方社会工作理论,医学
C_1750786,7,英语口语,文学
C_735091,7,科技笔译工作坊,文学
C_735242,7,机械制图,工学
C_747718,7,政府会计,管理学
C_903149,7,传感器技术与应用,工学
C_1781818,7,Business Statistics,工学
C_1945689,7,机器学习训练营,工学
C_905192,7,神话传说故事与中国文化,文学
C_697431,7,国际贸易学,经济学
C_681411,7,逐梦心言——手语的学习,外国语言文学
C_756671,7,液晶显示技术,工学
C_791738,7,水彩画,教育学
C_681432,7,钢筋混凝土与砌体结构,工学
C_681031,7,印刷色彩基础与实务（中国轻工业十三五数字化项目）,工学
C_1912006,7,乒乓球入门与提高,军事学
C_948043,7,制药过程自动控制（化工自动化及仪表）,工学
C_696613,7,微软--计算机视觉论文分享课,工学
C_2286960,7,公司金融学,经济学
C_681396,7,会展策划与管理,管理科学与工程
C_1811839,7,Biochemistry and Molecular Biology,工学
C_2286953,7,电路理论,工学
C_2266746,7,钢筋混凝土结构原理,工学
C_865842,7,Java程序设计基础,工学
C_677000,7,口腔探密,医学
C_825824,7,机械设计,工学
C_936997,7,常见肿瘤的诊断和综合治疗,医学
C_948426,7,环境友好高分子材料,工学
C_758201,7,陕北民歌解析与演唱,理学
C_681353,7,大学物理（低学时）,理学
C_677186,7,船舶在波浪中运动的势流理论,工学
C_682578,7,高分子化学与物理,理学
C_823309,7,供配电技术,工学
C_682298,7,数字电子技术,工学
C_681635,7,建筑物理环境（光学）,理学
C_681026,7,思想道德修养与法律基础,军队政治工作学
C_1434547,8,电子设计创新,工学
C_759007,8,文献学概论,教育学
C_1025079,8,科学健身法-缠丝健身功,教育学
C_682312,8,英语漫谈海上新丝路,文学
C_681638,8,工程地质分析原理,理学
C_677068,8,创业新浪潮：医药健康创新创业,管理学
C_947161,8,伦理学概论,哲学
C_1756074,8,日常思考的科学(国际版),教育学
C_947234,8,财务管理,管理学
C_837980,8,大学英语（一）,文学
C_681032,8,摄影艺术概论,艺术学
C_681382,8,国际商务（英语授课),文学
C_1758019,8,急诊医学的基础与前沿,医学
C_682459,8,电视摄像,文学
C_947169,8,会计学原理,管理学
C_681669,8,安装概预算,工学
C_1894860,8,21考研英语小白课堂,文学
C_1679989,8,智慧汉语——中国文化概论,文学
C_697113,8,科学运动与健康,医学
C_682310,8,国际贸易,经济学
C_696633,8,建筑消防安全,工学
C_907961,8,系统生理工程学,医学
C_949542,8,思维创新与创造力开发,管理学
C_680728,8,现代企业物流,管理学
C_680769,8,青少年创客与全球名校申请,教育学
C_890276,8,2014年清华大学研究生学位论文答辩（二）,教育学
C_682734,8,地下水文学（水文学原理及应用（2））,地质资源与地质工程
C_681535,8,智能车制作：底盘结构与调试,工学
C_947229,8,生活与生态,农学
C_855688,8,法医病理学,医学
C_1741534,8,山水景观赏析,教育学
C_682684,8,机械精度设计与检测技术,工学
C_948248,8,系统创新方法,管理学
C_681627,8,国际商务单证实务,经济学
C_854902,8,产业生态学 Industrial ecology,教育学
C_682531,8,物理化学（上）,化学工程与技术
C_681001,8,国际旅游发展动态,地理学
C_707366,8,企业经营模拟,管理学
C_2266764,8,逻辑、计算和博弈,工学
C_784155,8,计算思维导论,工学
C_774889,8,女大学生个人提升与职业发展,管理学
C_916835,8,火场供水,教育学
C_697334,8,Electricity & Magnetism,物理学
C_680891,8,知识产权法,法学
C_735296,8,摄影基础,艺术学
C_1736024,8,商务英语翻译（Business English Translation & Interpretation）,文学
C_682691,8,生物医学工程概论,医学
C_947233,8,中级财务会计,管理学
C_682164,8,清华大学计算机科学与技术系六十周年系庆学术报告（一）理论,工学
C_948129,8,水利水电工程概论,工学
C_943274,8,常微分方程,理学
C_851358,8,沟通理论与技巧,教育学
C_1776319,8,项目管理,管理学
C_746983,8,Structural Mechanics,测绘科学与技术
C_696801,8,AI技能初体验-智能语音技术（百度云智学院）,工学
C_911160,8,Tourism Policy and Planning,工学
C_1737097,8,小学教师升级宝典,教育学
C_696845,8,机械原理,机械工程
C_1410145,8,工程财务管理,管理学
C_735381,8,教育政策与法律,教育学
C_735146,8,药事管理学,管理学
C_696771,8,管理学,管理学
C_1824928,8,生活中的生物学,理学
C_948270,8,贵州导游现场考试指南,教育学
C_948106,8,大学英语视听说IV,文学
C_2033947,8,临床思维与人际沟通,医学
C_681429,8,土木工程材料,工学
C_2059295,8,火针疗法临床应用,医学
C_681073,8,音乐漫步,艺术学
C_922854,8,房屋建筑学,工学
C_936968,8,柴油机构造与使用,工学
C_681532,8,王者荣耀荆轲之模型到游戏开发,工学
C_1714448,8,新型冠状病毒肺炎的认识与防控,医学
C_682644,8,数据新闻与可视化,文学
C_947156,8,信息论,工学
C_680792,8,动态测试与分析（下）,系统科学
C_1527433,8,电路原理,工学
C_681647,8,服装CAD应用,纺织科学与工程
C_1808023,8,Western Music in the 20th century,工学
C_948393,8,文献检索,农学
C_735094,8,诺言——成为自己，是任何课之前的必修课,教育学
C_948099,8,西方经济学,经济学
C_681152,8,科学传播公开课,文学
C_682390,8,船舶振动与噪声控制,工学
C_681409,8,时装工业导论,艺术学
C_682280,8,基因工程,工学
C_696571,8,社会保险,经济学
C_682297,8,探秘身边的材料——材料与社会,工学
C_680820,8,大学化学,理学
C_682479,8,走近冬奥会,教育学
C_682549,8,大自然中的体育——山地户外运动,工学
C_735183,8,工程制图,工学
C_682275,9,解读西夏,历史学
C_763992,9,物流管理,管理学
C_876706,9,建筑施工技术,工学
C_676967,9,华文教育技术与实践,外国语言文学
C_948075,9,机器人制作与创客综合能力实训,工学
C_947242,9,中药化学,理学
C_696981,9,金属材料及其应用,工学
C_1789696,9,农业生物环境工程,农学
C_948074,9,数据库技术应用,工学
C_948147,9,思想道德修养与法律基础,军事学
C_1944726,9,电磁场与波,工学
C_1691412,9,网络安全精品课：办公网安全,工学
C_1750793,9,大学生精益创新创业实践,管理学
C_788565,9,五分钟轻松搞定职场礼仪,教育学
C_682731,9,普通化学,化学
C_943237,9,信号与系统分析,工学
C_682342,9,生物医学图像编程实现技术,工学
C_696912,9,《论语》人生课堂,文学
C_1756060,9,Exploring Psychology's Core Concepts,教育学
C_756690,9,国际贸易实务,经济学
C_759048,9,走近核科学技术,军事学
C_681389,9,婚礼文化,社会学
C_943270,9,高级管理学,管理学
C_696788,9,高山滑雪,体育学
C_1706099,9,计算机视觉,工学
C_682433,9,中国近现代史纲要,历史学
C_735186,9,单片机原理及应用,工学
C_756700,9,Elements of Structures,力学
C_680978,9,中国文化与文学精粹,文学
C_680890,9,工程估价,管理学
C_735112,9,微软亚洲研究院人工智能前沿系列讲座,工学
C_1904668,9,Tsinghua Global Summer School 2020,工学
C_680977,9,本科生英文论文写作,外国语言文学
C_697757,9,插花艺术,艺术学
C_696829,9,数学实验,理学
C_2301265,9,短跑,教育学
C_927961,9,电力系统继电保护,工学
C_948095,9,课件工程（多媒体课件设计与制作）,工学
C_1864381,9,时空大数据分析和挖掘实战,工学
C_2229905,9,新冠肺炎预防及治疗中的药物研发,医学
C_697585,9,史学名家的治史历程与方法,历史学
C_697214,9,概预算软件（自主模式）,工学
C_2203228,9,电网络理论,工学
C_798690,9,东北亚安全局势,军事学
C_948286,9,一步一步带你做调查研究,教育学
C_681758,9,生物化学,医学
C_697092,9,3D游戏引擎架构设计基础,教育学
C_696925,9,工程制图,机械工程
C_681720,9,剖析肌肉结构，拥有健康生命,医学
C_680920,9,华为成功之道：人力资源管理的最佳实践,管理学
C_677109,9,中国石油文化,中国语言文学
C_696601,9,国际结算操作,经济学
C_1691397,9,网络安全精品课：网站群安全,工学
C_898322,9,国际贸易实务,经济学
C_907949,9,纺织品印染概论,艺术学
C_948040,9,广播电视新闻采访与写作,文学
C_932172,9,消防技术装备,教育学
C_1756062,9,Reading and Writing in English,文学
C_1123848,9,可编程逻辑器件及硬件描述语言,工学
C_682525,9,物理化学（下）,化学工程与技术
C_1924709,9,网络安全博弈之路,工学
C_747033,9,免疫学基础——第Ⅱ部分,公共卫生与预防医学
C_697475,9,高等分离工程,工学
C_1691410,9,网络安全精品课：数据中心安全,工学
C_696875,9,创业管理,管理学
C_749652,9,配送与配送中心,管理学
C_819191,9,行政诉讼法,法学
C_682449,9,汉语语法与语法教学,工学
C_696722,9,配送中心设计与管理,管理学
C_898298,9,常用法律案例分析,法学
C_697273,9,创新工场,管理学
C_682340,9,神奇的普洱茶,医学
C_680905,9,现代检测技术,工学
C_682675,9,历史认知导论,历史学
C_682284,9,汽车行走的艺术,艺术学
C_688388,9,工科数学分析（二）,理学
C_681006,9,无机化学,化学
C_1750819,9,沟通与谈判,管理学
C_943247,9,SQL Server轻松学,工学
C_735130,9,大学计算机基础与应用,工学
C_785161,9,容积式压缩机原理,工学
C_735195,9,循证护理与知识转化,医学
C_948282,9,高分子化学,理学
C_680943,9,外贸单证操作,经济学
C_780686,9,用友ERP-U8 V10.1实战,教育学
C_681115,9,中华戏曲艺术鉴赏,艺术学
C_916130,9,非遗文化衍生品设计,教育学
C_681009,9,机械基础实验,工学
C_1410371,9,美好生活“油”此而来：油科学概论,教育学
C_1761368,9,Digital Integrated Circuit Analysis and Design,工学
C_1691403,9,网络安全精品课：安全合规及风险管理,工学
C_682476,9,房屋建筑构造,工学
C_680812,9,催化剂设计与制备,化学工程与技术
C_697206,10,现代电路分析与综合,工学
C_681406,10,环境工程概论,工学
C_697023,10,纺织导论,工学
C_837690,10,低频电子线路,工学
C_735310,10,材料力学,工学
C_735030,10,妊娠与分娩,医学
C_681086,10,书法鉴赏,艺术学
C_696964,10,高等反应工程,理学
C_681400,10,钢结构设计,工学
C_680991,10,基础会计学,应用经济学
C_681744,10,中华文化要义：大一统,民族学
C_697543,10,会计电算化,管理学
C_681745,10,信息素养-互联网+时代的学习与生活,计算机科学与技术
C_696857,10,嵌入式系统理论与技术,工学
C_697229,10,文献检索与利用,管理学
C_707103,10,消防应急救援,工学
C_754897,10,楚国历史与文化,历史学
C_707360,10,无定河畔的家书记忆,历史学
C_707363,10,现代教育技术,教育学
C_926165,10,性行为的生物学基础,医学
C_697070,10,食品风味化学与分析,食品科学与工程
C_697151,10,服装数字科技,电子科学与技术
C_682336,10,计算机程序设计,工学
C_2255517,10,英语四六级第1课,文学
C_682556,10,计算机绘图,工学
C_681592,10,AWS 云计算培训课程-云计算解决方案架构师之路（进阶课程）,工学
C_1846545,10,计算方法,工学
C_697429,10,创新思维与战略管理,军事学
C_681708,10,创“享”未来—— 大学生创新创业项目设计与实现,管理学
C_735324,10,学会沟通，好好“说话”,心理学
C_932180,10,会计学,管理学
C_947147,10,智能会计,管理学
C_696886,10,小波与科学,理学
C_680929,10,华文教学的理念与方法,外国语言文学
C_766175,10,悦调悦美-餐饮酒水知识,教育学
C_677241,10,校园心理学：让每一个学生顺利成长,心理学
C_911664,10,企业战略管理,管理学
C_682289,10,线性代数,理学
C_947246,10,编译原理,工学
C_934534,10,音乐与健康,医学
C_696638,10,时尚网页设计,工学
C_696562,10,宏观经济学,经济学
C_837985,10,马克思主义基本原理概论,法学
C_866151,10,推销与谈判,管理学
C_677105,10,测试系统集成技术,仪器科学与技术
C_735085,10,民族声乐进阶密码——石春轩子教学示范课堂,教育学
C_681453,10,趣谈“一带一路”国家,教育学
C_697126,10,药物化学,药学
C_1764865,10,计算思维和数据科学导论（国际版）,工学
C_679148,10,大学物理实验,理学
C_759037,10,微积分1（Calculus I）,数学
C_1944971,10,理论和实践：自然语言处理,文学
C_681075,10,中国古代文学,历史学
C_697120,10,医学微生物学,医学
C_682353,10,广告创意学,新闻传播学
C_681100,10,传统社会的婚姻家庭,教育学
C_707173,10,电子政务,工学
C_682813,10,中国现当代文学名著欣赏,文学
C_1776283,10,水利工程施工,工学
C_948241,10,制浆造纸机械与设备,工学
C_682285,10,服装概论,艺术学
C_680955,10,国际学术交流英语,外国语言文学
C_682716,10,环境地学原理,环境科学与工程
C_1899192,10,21考研英语逆袭75分特训营,文学
C_735394,10,2017第四届全国虚拟仪器大赛赛前培训,工学
C_2316356,10,营销管理：数字时代的营销江湖,管理学
C_681066,10,基本人体生物学：细胞和组织,生物学
C_948116,10,中国人类学民族学史,教育学
C_1767521,10,组织行为学,管理学
C_697135,10,生物医学成像学导论,医学
C_746965,10,管理运筹学,管理学
C_1741560,10,计算机病毒分析,工学
C_680915,10,道路工程材料,土木工程
C_682653,10,灾害风险管理,管理学
C_1687717,10,电工电子学（下）,工学
C_681422,10,植物造景,艺术学
C_697003,10,企业战略管理,管理学
C_707051,10,SQL SERVER数据库技术,工学
C_682331,10,固体废物处置与资源化,环境科学与工程
C_947243,10,营养与食品卫生学,医学
C_813262,10,机械制图与计算机绘图,工学
C_948251,10,中华太极系列课程,文学
C_682169,10,第二语言习得 (中文版),工学
C_696915,10,高频电子线路,工学
C_682267,10,供暖工程,工学
C_682522,10,土木工程概论,工学
C_682496,10,太极拳推手,医学
C_696659,10,动物解剖学,生物学
C_735118,10,国际贸易学,经济学
C_1891055,10,数理统计学,理学
C_680786,10,动态测试与分析（上）,系统科学
C_735194,11,暖通空调,工学
C_879073,11,10分钟学民法,法学
C_758183,11,大学化学Ⅰ,理学
C_682226,11,初级汉语语法,文学
C_696860,11,水分析化学,理学
C_681470,11,经络养生与文化,医学
C_932179,11,医学细胞生物学,医学
C_735099,11,能源学术英语,工学
C_737493,11,影视导演艺术,艺术学
C_696754,11,智慧的秘密,哲学
C_696832,11,结构力学（1）,工学
C_948486,11,物理化学,理学
C_696998,11,排球,军事学
C_1469181,11,预防医学,医学
C_1750779,11,网络安全技术,工学
C_681684,11,单片机原理及应用,计算机科学与技术
C_682131,11,C君带你玩编程,计算机科学与技术
C_682229,11,装备自动化工程设计与实践,工学
C_681341,11,美国社会与文化,教育学
C_948403,11,高级商务英语,文学
C_909097,11,奥尔夫音乐教学法,教育学
C_697228,11,儒释道哲学的人生智慧,哲学
C_682319,11,初级汉语口语,中国语言文学
C_674968,11,巴蜀文化,中国语言文学
C_707369,11,消费者行为分析,应用经济学
C_758194,11,安全学原理,工学
C_676885,11,幼儿音乐教育与活动指导,教育学
C_676900,11,诗情画意的光学,光学工程
C_680992,11,网络综合布线,计算机科学与技术
C_2221558,11,国际商务谈判与礼仪,管理学
C_682253,11,高性能计算机网络,工学
C_696904,11,高等数学精讲（上）,理学
C_681012,11,ACCA F7 财务报告,管理学
C_682819,11,艺术心理学,教育学
C_1784414,11,最优控制理论,工学
C_1941101,11,英语科技文献阅读,文学
C_707112,11,建筑材料,工学
C_680710,11,长安与中国佛教,历史学
C_808529,11,给水排水管道工程,工学
C_697046,11,人工智能,工学
C_682268,11,物流管理基础,管理学
C_677055,11,实用绳结技术,战术学
C_674955,11,研究生的压力应对与健康心理,教育学
C_697008,11,程序设计基础（下）,工学
C_682530,11,市场营销实务,管理学
C_1776312,11,医学信息素养,医学
C_1924175,11,Tsinghua Global Summer School 2020（简版）,工学
C_735115,11,市场营销学,管理学
C_682575,11,劳动关系实务操作,管理学
C_2033958,11,工程伦理2.0,哲学
C_697152,11,古典文学的城市书写,文学
C_676897,11,现代礼仪与修养,教育学
C_1903980,11,抗美援朝精神,教育学
C_948387,11,跨境电子商务,管理学
C_682299,11,多元微积分（先修课）,数学
C_681690,11,饮食营养与健康,医学
C_735336,11,现代企业管理：理念、方法和工具,管理学
C_1755846,11,Introduction to Cancer Biology,教育学
C_1756056,11,University English for Academic Purposes,工学
C_680963,11,腐蚀与防护,材料科学与工程
C_696549,11,操作系统原理,工学
C_758190,11,职场“法”则,教育学
C_680724,11,质量管理,管理学
C_1678971,11,工业互联网大讲堂,管理学
C_681730,11,中医老年病学,临床医学
C_697754,11,“案”说生活法律,法学
C_1903983,11,学前教育学,教育学
C_682506,11,教你孕育健康宝贝,临床医学
C_681010,11,互联网时代的营销变革,管理学
C_682749,11,法律人看婚姻家事,社会学
C_677172,11,大学物理（力学）,理学
C_680999,11,药理学,医学
C_1906555,11,外贸函电,文学
C_696877,11,介质辐射传热,物理学
C_697144,11,药剂学,医学
C_947167,11,中医医院管理学,管理学
C_696973,11,互联网金融,管理学
C_696920,11,管理学原理,管理学
C_735436,11,技术经济学,经济学
C_696840,11,军事理论,军事学
C_2328543,12,骗局揭秘与防范,法学
C_677185,12,影像中的人类学,艺术学
C_697064,12,装饰图案,历史学
C_681696,12,英语政论,外国语言文学
C_934496,12,实验室安全培训,医学
C_681633,12,城市园林绿地规划原理,农学
C_696867,12,天线原理,工学
C_758222,12,摄像技术,文学
C_776850,12,二十四式太极拳,教育学
C_911733,12,商业逻辑训练营：精英们都在学的底层逻辑,管理学
C_1429102,12,认知神经科学,教育学
C_1736850,12,编译原理,工学
C_799783,12,工程力学,理学
C_2342532,12,Fundamentals of Circuit Analysis,工学
C_758208,12,语文·听说,文学
C_696688,12,俄语基础2,文学
C_917306,12,国际经济学,经济学
C_735042,12,网页设计与地图应用,工学
C_682126,12,工程流体力学,理学
C_674937,12,中华传统文化与人生修养,哲学
C_696705,12,古代汉语·文选,文学
C_1714449,12,电路（上）,工学
C_947249,12,外科学,医学
C_681071,12,医疗器械与医学创新,仪器科学与技术
C_756594,12,操作系统,工学
C_676705,12,民法与生活,法学
C_681103,12,区块链技术入门——高校区块链大赛培训,工学
C_676890,12,环境污染事件与应急响应,环境科学与工程
C_947248,12,科学哲学,哲学
C_735203,12,西方现代艺术赏析,艺术学
C_948049,12,结构现代设计方法,工学
C_697001,12,广告学精要,文学
C_681615,12,酒店英语,文学
C_696919,12,电路与电工实验,工学
C_948413,12,人体胚胎学——系统发生,医学
C_735226,12,跨文化交际,文学
C_681737,12,服装电脑辅助设计,艺术学
C_887098,12,大美川剧,艺术学
C_682643,12,大学物理-电磁学和光学,理学
C_680877,12,人体科学,生物学
C_697213,12,计算机文化基础,工学
C_681049,12,Solar Energy,工学
C_696596,12,动画剧本创作,艺术学
C_735032,12,老年护理,医学
C_947165,12,图案设计与空间应用,艺术学
C_936983,12,创意手工,教育学
C_682816,12,英美概况,历史学
C_948114,12,轮机概论,工学
C_825832,12,2019年研究生学术与职业素养讲座,教育学
C_682723,12,环境规划,环境科学与工程
C_697556,12,高职实用综合英语,文学
C_911159,12,玩转越南语-零起点快车道,教育学
C_697677,12,运动训练学,教育学
C_2189666,12,组织学,医学
C_681699,12,中国画基础,艺术学
C_681488,12,大学生职业指导--职业认知与职业生涯规划,教育学
C_696796,12,互换性与测量技术基础,工学
C_681679,12,创新创业基础,管理学
C_697729,12,大学生职业指导--就业指导,教育学
C_948046,12,光电检测技术,工学
C_677164,12,酒·文化,历史学
C_707079,12,马克思主义基本原理概论,政治学
C_735102,12,微软人工智能 – 数据分析平台,工学
C_696518,12,有机结构波谱分析,教育学
C_735267,12,工程项目管理与实务,管理学
C_786631,12,EDA技术与应用,工学
C_956130,12,多媒体技术及应用,文学
C_1800063,13,中国特色社会主义理论与实践,法学
C_676682,13,文科物理学——生活中的物理,理学
C_680919,13,教＆学微辞典,教育学
C_682381,13,微机原理与接口技术,计算机科学与技术
C_682304,13,关爱健康·从齿开启,口腔医学
C_947255,13,多媒体技术基础,文学
C_934532,13,带你听懂中国传统音乐,艺术学
C_811503,13,环境规划管理与影响评价,管理学
C_948208,13,国民经济管理学,管理学
C_681439,13,烹调工艺学,教育学
C_947794,13,高级机器学习训练营,工学
C_919146,13,国画基础,教育学
C_735049,13,程序设计基础,工学
C_681645,13,环境影响评价,环境科学与工程
C_696691,13,俄语基础3,文学
C_681471,13,Paracraft创意动画设计,工学
C_682737,13,高级数据库系统,计算机科学与技术
C_696977,13,高等数学精讲（下）,理学
C_682152,13,国际私法,法学
C_784387,13,透视学,艺术学
C_677168,13,影视广告设计,艺术学
C_1883679,13,Understanding Risk and Sustainable Development,工学
C_747271,13,中国税制,经济学
C_677061,13,中国少数民族神话赏析,中国语言文学
C_1755951,13,u.lab 1x：向未来学习 引领系统创变（国际版）,工学
C_2336296,13,山水写生,艺术学
C_680818,13,英语辩论,文学
C_2256608,13,化学学科理解,理学
C_907965,13,旅游英语,文学
C_735361,13,数学实验,理学
C_677193,13,创业运营演练,管理学
C_781445,13,中医耳鼻喉科学,医学
C_682637,13,网络、群体与市场,应用经济学
C_696614,13,Android应用开发基础,工学
C_697011,13,运动心理学,教育学
C_1646044,13,中国文学与文化,文学
C_681080,13,网络技术与应用实验,工学
C_948113,13,现代美学,哲学
C_681025,13,创新创业基础,工商管理
C_1903976,13,中华民族历史,历史学
C_681027,13,民族手工艺术——走进生活,民族学
C_936954,13,液压传动,工学
C_697285,13,环境工程微生物学,工学
C_948102,13,系统解剖学,医学
C_682487,13,网页创意与艺术设计,艺术学
C_2242137,13,学堂考研公开课,教育学
C_734015,13,数字时代的医学,生物医学工程
C_680903,13,中国近现代史纲要,历史学
C_893818,13,农村电商新媒体营销,管理学
C_677142,13,国学入门,文学
C_688346,13,运动与解剖学,医学
C_770766,13,英美音乐与文化,外国语言文学
C_735441,13,软件工程与软件自动化,工学
C_681007,13,第二语言习得 (英文版),文学
C_922877,13,计算机网络,工学
C_682429,13,平面广告设计,艺术学
C_1749554,13,逻辑学前沿报告——向量空间、信念基础的逻辑,哲学
C_677089,13,结构力学,力学
C_680926,14,水彩,艺术学
C_677167,14,设计之美,艺术学
C_696785,14,解密3D打印,教育学
C_682657,14,大学物理——近代物理,物理学
C_681008,14,计算机辅助飞行器综合设计,工学
C_1997524,14,职业伦理,哲学
C_682440,14,建筑设备工程,工学
C_1822804,14,临床中成药应用,医学
C_881456,14,2016年清华大学研究生学位论文答辩（一）,教育学
C_817148,14,架空输电线路设计,工学
C_682260,14,大学物理-力学和热学,理学
C_707077,14,中国神话与民族精神传承,教育学
C_697055,14,微积分-1,数学
C_681033,14,妇产科护理学,医学
C_854901,14,设计思维,艺术学
C_1410126,14,当代社会中的科学与技术,历史学
C_1645365,14,高级健康评估,医学
C_682460,14,携手向花间——昆曲经典剧目欣赏,艺术学
C_680923,14,局部解剖学,临床医学
C_682491,14,中级日语听说,教育学
C_948219,14,高级综合英语写作,文学
C_681094,14,智能控制导论,工学
C_697766,14,茶艺,艺术学
C_948433,14,运动防护师教程,教育学
C_1641647,14,飞行动力学,工学
C_801446,14,公共危机治理,管理学
C_2053613,14,科学研究方法与论文写作,文学
C_866182,14,中学美术教学设计,教育学
C_682770,14,分析化学,理学
C_681074,14,普通逻辑学,哲学
C_680771,14,铜版画制作,艺术学
C_682505,14,程序设计技术（基于C）-基础,工学
C_682265,14,大学物理-相对论和量子物理,理学
C_734041,14,学术英语读写与交流 ,文学
C_697367,14,室内花草栽培技术与装饰布景,教育学
C_854862,14,应对气候变化的中国视角,大气科学
C_781471,14,Innovation and Creative Thinking （创新与创意思维）,教育学
C_2308104,14,武术,教育学
C_1779421,14,学术英语写作与沟通,文学
C_784069,14,高等数学先修课,理学
C_681339,14,服装立体裁剪,艺术学
C_696803,14,AI技能初体验-自然语言处理（百度云智学院）,工学
C_873858,14,固体物理导论,工学
C_907964,14,财务分析,管理学
C_948120,14,基础生物化学实验,理学
C_735448,14,现代管理学,管理学
C_680898,14,微电子电路基础,电子科学与技术
C_948140,14,房地产法,教育学
C_682374,14,细胞生物学：细胞社会的奥秘,理学
C_677009,14,大学美育,艺术学
C_735054,14,大学生心理健康教育,教育学
C_680879,14,学术之道,教育学
C_887099,14,税费计算与申报,经济学
C_694150,14,清华大学计算机科学与技术系六十周年系庆学术报告（三）人工智能,工学
C_680790,14,产品开发设计,新闻传播学
C_948137,14,知识产权法案例教学,法学
C_907948,14,摄影摄像艺术,艺术学
C_682750,14,自动控制元件,控制科学与工程
C_823302,14,工程燃烧学,理学
C_696992,14,文化差异与跨文化交际,历史学
C_697147,14,程序设计技术(基于C)-提高与应用,工学
C_916826,14,玩转计算机二级—office高级修炼,工学
C_696798,14,AI技能初体验-图像识别（百度云智学院）,工学
C_735251,15,新闻摄影,文学
C_916843,15,婴幼儿心理与行为指导,教育学
C_947152,15,时尚有氧塑身,医学
C_674962,15,《红楼梦》的空间艺术,中国语言文学
C_696988,15,针灸百日通,医学
C_1750851,15,电子政务,工学
C_1755912,15,Foundations of Logic,工学
C_694144,15,品牌传播研究,文学
C_2095102,15,矩阵论及其应用,理学
C_797321,15,水资源系统分析理论与应用,工学
C_682709,15,《纯粹理性批判》导论,哲学
C_948389,15,运动处方理论与应用,医学
C_1750789,15,单片机原理及其应用,工学
C_682480,15,生理学,医学
C_947773,15,互联网企业估值,管理学
C_676934,15,设计的力量,艺术学
C_697173,15,大学生国家安全教育,教育学
C_680916,15,中国古代建筑艺术,历史学
C_696951,15,单片机原理与汽车微机应用技术,工学
C_696863,15,基层公共卫生服务技术,医学
C_1472684,15,诊断学,医学
C_879074,15,基础会计,管理学
C_1756077,15,概率论——不确定性的科学(国际版),理学
C_682176,15,分析化学,理学
C_735373,15,高等化工热力学（下）,材料科学与工程
C_697288,15,植物纤维化学,作物学
C_681047,15,免疫学基础——第Ⅰ部分,公共卫生与预防医学
C_2059297,15,哲思与诗意——禅诗鉴赏与创作,文学
C_681105,15,房地产开发与经营,土木工程
C_707107,15,软件工程,工学
C_680719,15,中国电影艺术简史,艺术学
C_682792,15,儿科护理学,临床医学
C_2093531,15,最优化方法,教育学
C_682141,15,酒店房务运营与管理,管理学
C_697129,15,材料科学基础,工学
C_697496,15,电气控制系统装接与调试,电气工程
C_907940,15,管理流行病学,医学
C_697714,15,口腔解剖生理学,医学
C_682431,15,无机化学,理学
C_682357,15,基础化学实验,理学
C_680717,15,临床医学导论,医学
C_905197,15,市场营销学,管理学
C_911165,15,公共经济学：思维与拓展,经济学
C_948424,15,鞋类设计师的必修课——现代时装鞋类经典解读,艺术学
C_680951,15,管理思想史,管理学
C_681444,15,青年AI自强计划-计算机视觉课程,计算机科学与技术
C_680830,15,ACCA F2 管理会计,管理学
C_823326,15,软件开发实训--动态网站开发,工学
C_680941,15,管理咨询,管理学
C_747044,15,环境核算与管理,农林经济管理
C_682509,15,好心态——如何自己造：心理健康教育,教育学
C_694158,15,大学化学实验,理学
C_797404,15,白酒品评与酒体设计,管理学
C_694162,15,机械原理,工学
C_813434,15,汉字书写,教育学
C_682435,15,计算机应用基础,工学
C_697019,16,移动快速应用开发,工学
C_1704762,16,2020年公务员联考/省考笔试精讲班,工学
C_676963,16,大学英文写作（下）,外国语言文学
C_697184,16,程序设计基础（上）,工学
C_1410106,16,数字电子技术,工学
C_681088,16,会计学基础,管理学
C_696674,16,Python 交互式程序设计导论,工学
C_948436,16,“中国风”服装与服饰设计——以创意装为例,艺术学
C_682401,16,影视鉴赏,艺术学
C_931252,16,大学生心理健康,教育学
C_932181,16,土木工程材料,工学
C_680784,16,体内药物与毒物分析,医学
C_682527,16,数值分析,理学
C_948216,16,计算机网络技术,工学
C_797853,16,民法总则原理拓展,法学
C_697107,16,运筹学,管理学
C_677102,16,走进性科学,教育学
C_676975,16,软件测试,工学
C_697706,16,LabVIEW 基础课程,工学
C_697169,16,医学实验技术与方法新进展,科学技术史
C_696987,16,英语演讲,文学
C_682486,16,Web设计与应用,工学
C_697020,16,西方美术史十六讲,艺术学
C_697566,16,机械原理,工学
C_890125,16,体育统计学与SPSS案例解析,理学
C_786471,16,化工系统工程,工学
C_948428,16,中国税法概论,教育学
C_681756,16,服装大师的设计历程,艺术学
C_927968,16,毛泽东思想和中国特色社会主义理论体系概论,军事学
C_680788,16,电磁场工程应用,电气工程
C_879050,16,机械制造工程训练,工学
C_682472,16,华尔兹舞基础教程,艺术学
C_696905,16,管理学,管理学
C_682387,16,建筑概预算与工程量清单,工学
C_681043,16,葡萄和葡萄酒,食品科学与工程
C_1732842,16,金融学,经济学
C_1025064,16,思想政治教育学原理,法学
C_799791,17,无机与分析化学,理学
C_680975,17,以案说法,法学
C_682237,17,复合材料力学,工学
C_947258,17,政府预算,经济学
C_1862240,17,公共政策分析,管理学
C_734049,17,生物大数据,工学
C_677179,17,古典社会学理论,法学
C_840087,17,日语概论,文学
C_948118,17,古生物学,理学
C_682470,17,设计构成,教育学
C_866764,17,思想道德修养与法律基础,军事学
C_681702,17,电力电子技术,工学
C_696543,17,高等数学习题课,数学
C_681683,17,大学英文经典原著导读,教育学
C_680733,17,医学伦理学,医学
C_680870,17,跟我学如何挑选服装,艺术学
C_1875498,17,近世代数,工学
C_697619,17,工程经济学,经济学
C_1714443,17,实用中医儿科学,医学
C_681475,17,西班牙语很容易 El español es fácil,外国语言文学
C_934522,17,网络信息检索,工学
C_854854,17,水力学,工学
C_694156,17,数据结构与算法,工学
C_747273,17,魔“方”作文——大学英文写作,文学
C_1214863,17,奇安信认证网络安全工程师前置课程,工学
C_932176,17,网络安全技术(上海高校精品课程),工学
C_697063,17,人工智能,工学
C_735050,17,营养与健康(自主模式),公共卫生与预防医学
C_943253,17,商业计划书模块化制作与演示设计,管理学
C_697708,17,LabVIEW进阶课程,工学
C_682822,17,楷书入门,艺术学
C_674912,17,音乐与健康,医学
C_823300,17,大学计算机教程,工学
C_735341,17,形势与政策,教育学
C_696808,17,材料的现代研究方法,工学
C_676681,17,婚恋·职场·人格,教育学
C_682713,17,西方哲学II：近代部分,哲学
C_936945,17,现代环境分析技术,工学
C_927972,17,智慧中国英语说,文学
C_680971,17,风景园林艺术原理,园艺学
C_676905,18,职业与创业胜任力,管理学
C_735338,18,中华茶艺呈现,文学
C_680968,18,互联网体系结构,工商管理
C_677176,18,高等流体力学,理学
C_677150,18,Web开发技术,工学
C_696647,18,外国文学名作赏析,文学
C_682721,18,电工基础与电子设计,工学
C_697076,18,揭开潜意识心理的奥秘,教育学
C_696563,18,商务礼仪,管理学
C_681083,18,教学的艺术,教育学
C_680789,18,钢琴艺术及名著欣赏,艺术学
C_682443,18,数字信号处理,工学
C_680952,18,生物医学工程导论,生物医学工程
C_881424,18,2014年清华大学研究生学位论文答辩（一）,教育学
C_682562,18,离散数学概论,理学
C_881462,18,2016年清华大学研究生学位论文答辩（二）,教育学
C_680972,18,虚拟现实技术及应用,计算机科学与技术
C_676685,18,经典导读与欣赏,文学
C_734059,18,思想道德修养与法律基础,军事学
C_735101,18,从音乐到影像,艺术学
C_682269,18,医学免疫学,医学
C_681688,18,批判性思维,教育学
C_680993,18,混凝土建筑结构,工学
C_735210,18,大学物理-电磁学（英文授课）,物理学
C_876705,18,探秘《说文解字》中的古代文化,理学
C_707126,18,综合英语,文学
C_737592,18,创业管理四季歌：艺术思维与技术行动,管理学
C_676978,18,原来姹紫嫣红开遍——昆曲艺术欣赏,艺术学
C_922865,18,数学物理方程及其应用,理学
C_682209,18,工科数学分析（一）,理学
C_680804,18,材料现代研究方法,材料科学与工程
C_697307,18,医学免疫学与病原生物学,医学
C_879069,18,电力系统分析,工学
C_735377,18,通用学术英语（技能篇）,文学
C_1844106,18,教育统计学,理学
C_746968,18,多媒体技术,计算机科学与技术
C_735066,18,英语电影与文化,外国语言文学
C_735308,19,企业管理仿真实训,管理科学与工程
C_707068,19,走近马克思,教育学
C_746973,19,国际工程项目管理,管理学
C_682665,19,大学物理——电磁学,物理学
C_696628,19,跨境电商实务,管理学
C_674923,19,行政职业能力提升,管理学
C_682322,19,机械振动,工学
C_707135,19,循证医学,医学
C_681715,19,中医内科学,教育学
C_747047,19,大学计算机——计算思维的视角,工学
C_682516,19,国防教育——热点问题,军队政治工作学
C_707365,19,德国历史十二讲,历史学
C_948214,19,护理管理理论与实践,医学
C_911738,19,数据库概论,工学
C_682327,19,摄影测量原理与应用,工学
C_677140,19,数据库系统（下）：管理与技术,工学
C_758221,19,食品化学,理学
C_1159827,19,清华大学轮滑体育课（提高篇）,工学
C_682397,19,工程伦理（硕士版）,工学
C_682145,19,人体解剖学,医学
C_784161,19,管理沟通,管理学
C_696487,19,葡萄酒的世界：从葡萄到美酒,教育学
C_793017,19,安保防卫与控制,工学
C_680765,19,医学人文,基础医学
C_697145,19,商务礼仪与沟通艺术,艺术学
C_681114,19,"Hello,心理学",教育学
C_769273,19,马克思主义基本原理概论,政治学
C_948395,19,一画一课：红色美术经典作品赏析之革命历史篇,历史学
C_707089,19,中国民俗文化赏析,历史学
C_697048,19,土力学,地质学
C_879111,19,电极过程动力学,理学
C_1686679,19,阻击新冠——重症急性呼吸道感染综合症的临床诊疗与公共卫生防疫,医学
C_1811739,19,物理与文化,理学
C_680869,19,人机工程学,工学
C_1767316,19,金融英语,经济学
C_696581,19,英语语音,文学
C_676940,19,自我塑造：成功五要素,教育学
C_682679,19,高维看世界,教育学
C_735197,20,机械设计基础,工学
C_881480,20,2017年清华大学研究生学位论文答辩（二）,教育学
C_947158,20,声纳技术,军事学
C_948079,20,专业课程设计2-装配式机房,教育学
C_697721,20,计算机操作系统,计算机科学与技术
C_881397,20,项目成本管理,管理学
C_680860,20,唐史四讲,历史学
C_680974,20,会计师与企业（ACCA F1）,应用经济学
C_680841,20,内部控制与风险管理,管理科学与工程
C_696837,20,传热学,工学
C_696989,20,综合英语,文学
C_696854,20,数据库系统（中）：建模与设计,工学
C_674924,20,智能时代下的创新创业实践,应用经济学
C_1434593,20,运动解剖学,医学
C_697098,20,市场营销学,管理学
C_682633,20,信息技术与教育应用,教育学
C_680989,20,专业学位研究生英语,文学
C_758886,20,贸易实务英语,外国语言文学
C_680738,20,系统化产品设计与开发,系统科学
C_948289,20,商务英语案例分析,文学
C_1864068,20,应用随机过程,理学
C_682554,20,数学建模,数学
C_677118,20,走近中华优秀传统文化,社会学
C_680980,20,植物景观规划设计导论,艺术学
C_680927,20,国际名酒知识与品鉴,食品科学与工程
C_688390,20,智能车制作：电子技术,工学
C_694149,20,信息检索,工学
C_735389,21,创新土地再开发：土地整备（自主模式）,地质资源与地质工程
C_948422,21,新能源汽车,工学
C_735300,21,项目采购与合同管理,管理科学与工程
C_680819,21,隋唐五代史专题,历史学
C_682439,21,Web安全实践,工学
C_681365,21,学前儿童发展,教育学
C_682754,21,理性色彩 智慧人生,文学
C_1410117,21,组织与人力资源管理,管理学
C_697112,21,数据结构与算法设计,工学
C_916838,21,成本会计学,管理学
C_696903,21,电动力学（下）,物理学
C_680751,21,创新材料学,材料科学与工程
C_1836502,21,清华大学历年招生宣传片,教育学
C_696999,21,英语国家概况——纵览·博闻,文学
C_682383,21,篮球——基本技术,医学
C_682636,21,中药药理学,医学
C_682193,21,电子政务,工学
C_862620,21,地质学与工程地质,工学
C_696870,21,科学计算与数学建模,理学
C_857823,21,宏观经济学,经济学
C_697067,21,英语口译,文学
C_681362,21,This is AI,工学
C_947241,21,服务营销,管理学
C_680985,21,计算机通信网络,工学
C_680785,21,大学英语七能拓展,外国语言文学
C_735122,21,中医的理与法,医学
C_697155,21,品读经典：《诗经》《老子》《庄子》选粹,文学
C_681663,21,金融活动之初体验,经济学
C_707073,21,国际金融学,经济学
C_696923,21,汽车碰撞安全基础,交通运输工程
C_733993,21,房屋建筑学,工学
C_682302,21,核辐射物理及探测学,理学
C_931248,21,电力电子技术,工学
C_682388,21,园林植物景观学原理与方法,园艺学
C_682588,21,模拟电子技术基础,工学
C_680936,21,精确制导器术道,军事学
C_681742,21,轻松学好统计学,理学
C_697030,21,Foundations of Computer Graphics,工学
C_697041,21,英语语言学,文学
C_927967,21,员工关系管理-关系思维与人际技能,管理学
C_697179,22,全球化与世界空间,法学
C_696767,22,程序设计基础,工学
C_773985,22,化学概论,理学
C_943271,22,法医物证学,教育学
C_682138,22,信息安全技术,工学
C_875624,22,时尚与可持续发展——了解瞬息万变的奢侈品行业,艺术学
C_682266,22,集成传感器,工学
C_681045,22,刑事审判心理学,法学
C_682335,22,历代青花画法,工学
C_948435,22,三江源生态,教育学
C_862967,22,神经工程学,经济学
C_680747,22,Linux系统管理,计算机科学与技术
C_936943,22,舰载机导论,军事学
C_707381,22,计算机网络 Computer Networks,工学
C_948430,22,旅游大数据,工学
C_680779,22,钢筋混凝土耐久性导论,土木工程
C_682489,22,简明大学化学物质结构部分入门,理学
C_682629,22,针灸学,医学
C_681719,22,泵与泵站,工学
C_682400,22,嵌入式系统设计,计算机科学与技术
C_696917,22,大学计算机基础,工学
C_908991,22,大众游泳,医学
C_808654,22,计算机控制导论,工学
C_696525,22,现代应用文写作,文学
C_1741561,22,漏洞利用及渗透测试基础,工学
C_948101,22,王阳明与贵州文化,教育学
C_1886668,22,数值计算,理学
C_766203,22,智能控制,工学
C_697170,22,FPGA设计与应用,工学
C_680910,22,数据库系统原理与开发,计算机科学与技术
C_677023,22,大学英文写作（上）,外国语言文学
C_682190,22,工业生产管理概论,管理学
C_947250,22,肌肉骨骼康复,医学
C_857825,22,市场营销：网络时代的超越竞争,管理学
C_1527362,22,History of Western Civilization  全英文西方文明史,教育学
C_707358,22,传感器应用技术,工学
C_735107,23,微软人工智能 – 深度学习框架和工具,工学
C_680937,23,华文趣味教学法,外国语言文学
C_697045,23,女生穿搭技巧,工学
C_1776316,23,阳明学概论,教育学
C_680970,23,改变世界的明星分子,大气科学
C_1792250,23,Shifting Your Teaching Online,工学
C_697116,23,思想道德修养与法律基础,军队政治工作学
C_681076,23,世界文明史,历史学
C_677157,23,互联网大规模数据分析技术,计算机科学与技术
C_681452,23,航空电机学,工学
C_696993,23,生活中的货币时间价值,经济学
C_682683,23,智能车制作：嵌入式系统,工学
C_909094,23,物流与供应链管理,管理学
C_680726,23,汉语文字词汇,中国语言文学
C_697726,23,现代物流与供应链管理,管理学
C_696938,23,编译技术,计算机科学与技术
C_758898,23,C程序设计案例教程（进阶）,工学
C_845673,23,信息技术与课程整合,教育学
C_677018,23,营养与健康讲座,医学
C_681345,23,极速悟透3ds Max,计算机科学与技术
C_696732,23,微波技术与天线,工学
C_697313,23,证券投资理论与实务,经济学
C_682407,23,计算化学,理学
C_680814,23,软件设计模式,工学
C_697073,23,生活中的市场营销学,管理学
C_676674,23,工程职业伦理,哲学
C_682661,23,Petri网：模型、理论与应用,计算机科学与技术
C_696709,24,舞蹈形体修塑训练,艺术学
C_879093,24,广告不疯狂——中外优秀广告赏析,文学
C_697006,24,运动生理学,医学
C_682697,24,新媒体编创,新闻传播学
C_707054,24,分子生物学——原理与技术,生物医学工程
C_862963,24,数字电路与逻辑设计实验,工学
C_735031,24,高等数学,理学
C_680722,24,醉美葡萄酒,教育学
C_735259,24,毛泽东思想和中国特色社会主义理论体系概论,军事学
C_694163,24,结构抗震设计,工学
C_697106,24,运动与慢病防治,体育学
C_934517,24,移动通信原理,工学
C_845947,24,毛泽东思想和中国特色社会主义理论体系概论,军事学
C_681643,24,电工电子技术,电子科学与技术
C_676898,24,物理与人类未来,社会学
C_943226,24,绳索救助技术应用,教育学
C_1017355,24,中医英语入门,文学
C_756710,24,数字集成电路与系统设计,工学
C_881436,24,2015年清华大学研究生学位论文答辩（一）,教育学
C_680886,24,会计学原理,管理学
C_696945,24,家具设计与制造,艺术学
C_948103,24,教育基本原理,教育学
C_680987,24,冬奥英语,外国语言文学
C_814402,24,国际商务管理,管理学
C_697100,25,运动与关节健康,体育学
C_682648,25,大学物理——振动、波动与光学,物理学
C_696685,25,我们学习俄语字母,文学
C_1811728,25,规范（标准化）体格检查,医学
C_881453,25,2015年清华大学研究生学位论文答辩（二）,教育学
C_697056,25,循证护理,临床医学
C_680849,25,日语交际功能语法,外国语言文学
C_735385,25,大学物理——力学与热学,物理学
C_735395,25,英语演讲艺术,文学
C_696773,25,数据结构（Data Structures）,计算机科学与技术
C_735378,25,高等化工热力学（上）,材料科学与工程
C_680805,25,中国工笔人物画赏析与创作,艺术学
C_1738818,25,普惠金融导论,经济学
C_682589,25,自主移动机器人,工学
C_735149,25,大学法语,教育学
C_680958,25,精细化学品生产工艺学,化学工程与技术
C_680774,25,航天器轨道力学,工学
C_1741554,25,影视制作流程（双语）,艺术学
C_681299,25,统计学,理学
C_696769,25,绳索救助技术基础,教育学
C_917311,25,财经应用文写作,文学
C_674950,25,经济地理与企业兴衰,地理学
C_680824,25,线性系统理论,数学
C_808534,25,基础日语（一）,文学
C_696817,25,工程热力学（下）,动力工程及工程热物理
C_696506,25,创客培养：趣味力学实验与制作,工商管理
C_682463,25,有限元基础与软件应用,工学
C_922867,25,C语言程序设计,工学
C_696955,26,职场菜鸟礼仪指南,教育学
C_682685,26,武术与强身避险,体育学
C_696606,26,医学专业英语,基础医学
C_688398,26,机器人控制的实际应用,工学
C_680817,26,中国电影经典影片鉴赏,中国语言文学
C_677043,26,慕课问道,体育学
C_948092,26,商业银行经营管理,管理学
C_685664,26,山野菜认知与开发利用,食品科学与工程
C_697035,26,信息素养与终身学习,教育学
C_676635,26,大学生职业生涯规划,教育学
C_948421,26,医院品管圈理论与实操,管理学
C_697427,26,足球运动与科学,体育学
C_681460,26,PLC应用技术,控制科学与工程
C_931250,26,芭蕾形体,教育学
C_854846,26,光学,光学工程
C_948141,26,商业伦理与企业社会责任,管理学
C_697110,26,运动与体能提升,体育学
C_696901,26,西班牙语初级,文学
C_682602,26,MEMS与微系统,仪器科学与技术
C_680979,26,感染病学,医学
C_697468,26,多元统计分析及R语言建模,工学
C_756665,26,建设工程招投标与合同管理,管理学
C_948269,27,经济法学,法学
C_788547,27,单片机原理及应用,工学
C_746971,27,现代电力电子技术,工学
C_735325,27,建筑施工技术,工学
C_682618,27,激光及其应用,仪器科学与技术
C_887101,27,市场调研与数据分析,管理学
C_681503,27,书法学堂,艺术学
C_854870,27,VC++面向对象与可视化程序设计（下）：MFC编程基础,工学
C_676917,27,英语语法和写作风格,外国语言文学
C_851362,27,社会语言学,文学
C_682457,27,嵌入式系统,工学
C_676661,27,创意 Creativity,教育学
C_801443,27,世界跨文化交流,外国语言文学
C_1526890,27,高级护理实践导论,医学
C_677004,27,古诗今读,文学
C_911168,27,教师科学用声与声音形象塑造,教育学
C_682350,27,意在象中——中国古典诗词鉴赏,中国语言文学
C_697684,27,《论语》的智慧,教育学
C_735321,27,建筑室内热环境模拟及应用,建筑学
C_682739,27,中国近现代史纲要,历史学
C_697479,27,国际市场营销学,管理学
C_1918363,27,The Prevention and Management of COVID-19,工学
C_682349,27,微纳加工技术,轻工技术与工程
C_735123,27,信号与线性系统,工学
C_696695,27,CATTI翻译资格水平考试笔译备考基础课,文学
C_948038,27,新媒体运营,管理学
C_681084,27,计算机绘图与CAD,工学
C_697051,27,常见病的健康管理,临床医学
C_707067,28,食物营养与食品安全,教育学
C_681519,28,创新药物研发与产业化,医学
C_682153,28,物理化学,理学
C_676648,28,创业101：你的客户是谁？,管理学
C_707083,28,大学计算机基础,工学
C_697094,28,生活中的财务,管理学
C_676995,28,知识产权法,法学
C_681636,28,中国古代舞蹈史,艺术学
C_680714,28,电子商务,管理学
C_735335,28,环境工程CAD,工学
C_747056,28,大气污染控制工程,大气科学
C_697407,28,u.lab 0x: 基于觉察的系统创变：感知和共创未来,教育学
C_948235,28,当代中国外交,历史学
C_909099,28,中药药理学-学做自己的调理师,医学
C_682356,28,证券投资学,经济学
C_682469,28,线性代数,理学
C_823308,29,C程序设计案例教程（基础）,工学
C_1771179,29,Drug discovery in prevention and treatment of COVID-19,工学
C_680845,29,数字信号分析理论与实践,工学
C_694168,29,人体生理学,医学
C_682373,29,流体机械基础,工学
C_682170,29,摄影艺术创作,艺术学
C_696697,29,管理学原理,管理学
C_898310,29,物联网工程导论,工学
C_927959,29,武器系统分析与设计,工学
C_887103,29,蛋白质表达纯化与功能研究,农学
C_800360,29,文化人类学入门与导读,教育学
C_680821,29,一舞一世界——世界经典舞蹈赏析,艺术学
C_682794,29,儿童性发展与性教育,教育学
C_735283,29,EXCEL高级应用,教育学
C_735155,29,冰魂雪魄——你的冬奥会观赛指南,体育学
C_948153,29,安全管理学,管理学
C_676820,30,外国工艺美术史,艺术学
C_696884,30,财务管理,管理学
C_936971,30,体育与社会,经济学
C_680761,30,电路基础及应用,控制科学与工程
C_696882,30,钢琴弹奏基础,艺术学
C_676697,30,孙子兵法,战术学
C_682358,30,燃烧理论,理学
C_696892,30,中国传统艺术——篆刻、书法、水墨画体验与欣赏,艺术学
C_934535,30,军事历史——第二次世界大战史,军事学
C_747024,30,电子信息科学与技术导引(1),计算机科学与技术
C_682338,30,日语——自游自在日本行,教育学
C_927963,30,科技英语交流,文学
C_682240,30,美术鉴赏,艺术学
C_696991,30,数字营销：走进智慧的品牌,管理学
C_681034,30,导航原理,理学
C_948414,30,出土文献的新发现,文学
C_680998,30,西方哲学——从古希腊哲学到晚近欧陆哲学,哲学
C_747227,30,数学模型与最优化技术,理学
C_674959,30,《道德经》的智慧启示,哲学
C_926175,30,教育学,教育学
C_674914,30,管理会计学,管理学
C_1825107,30,俄罗斯历史（一）,历史学
C_677028,30,中国古代礼义文明——礼制,历史学
C_682672,30,C语言程序设计（下）,计算机科学与技术
C_808528,30,化学微观世界导论,理学
C_697284,30,医学寄生虫学,医学
C_837735,31,汽车发动机原理,动力工程及工程热物理
C_696689,31,电路理论,工学
C_677042,31,公共事务伦理,公共管理
C_879045,31,中外比较文学研究专题,文学
C_677077,31,中国文学名著选读,文学
C_696686,31,俄语基础1,文学
C_696956,31,中国茶道,哲学
C_819290,31,毕业论文写作,文学
C_676907,31,社会创新与创业,管理学
C_676950,31,比较宪法,法学
C_734035,31,5G与人工智能,工学
C_947257,31,教育经济学,经济学
C_735362,31,导弹总体设计导论,军事学
C_676687,31,决胜移动互联网：创业者的商业模式课,工商管理
C_676663,32,分子生物学,生物学
C_682393,32,数理统计及其工程应用,理学
C_677083,32,水处理工程-生化技术,水利工程
C_682772,32,主题英语,文学
C_696789,32,医学文献检索,医学
C_682314,32,对外汉语,外国语言文学
C_676646,32,创业基础,管理学
C_697375,32,动力学,理学
C_677070,32,道路·理论·制度·文化——中国特色社会主义理论与实践研究,工学
C_893812,32,基础笔译,文学
C_697398,33,u.lab 1x：向未来学习 引领系统创变,管理学
C_754135,33,人工智能与创业智慧,管理学
C_898359,33,优化设计,工学
C_747696,33,口译与听力,教育学
C_1912519,33,计算机组成原理,工学
C_677184,33,传热与流体流动的数值计算,工学
C_735317,33,力学,力学
C_947240,33,食品营养与卫生学,医学
C_799931,33,人文数学,理学
C_680716,33,营销策划,管理学
C_697306,33,应用信息论基础,工学
C_682184,33,微软亚洲研究院大数据系列讲座,工学
C_696655,34,大学国文——北宋至现代文学赏析,文学
C_676696,34,理解马克思,经济学
C_808526,34,人体胚胎学总论,医学
C_676659,34,审美的历程,哲学
C_682324,34,西方哲学I：古代部分,哲学
C_697267,34,大学计算机,工学
C_680770,35,汽车底盘构造,机械工程
C_682228,35,数字电子技术,工学
C_682620,35,英语美文悦读II —社科篇,文学
C_680731,35,智慧城市,管理学
C_682320,35,光电仪器设计,工学
C_682239,35,无处不在—传染病,医学
C_697825,35,测试与检测技术基础,仪器科学与技术
C_943223,35,复合材料设计与成型,工学
C_696753,35,高技术与现代局部战争,军事思想及军事历史
C_680741,35,绿色建筑与可持续发展,环境科学与工程
C_697050,36,高级英语写作,文学
C_735143,36,军事理论,军事学
C_696897,36,理论力学,力学
C_697038,36,英语写作指导——润色提升,外国语言文学
C_934510,36,颈肩腰腿痛中医防治,医学
C_756747,36,城市规划原理,管理学
C_680881,36,创新创业基础,工商管理
C_735175,36,现代图像分析,工学
C_696720,36,微观经济学原理（先修课）,理论经济学
C_2297236,36,物联网概论,工学
C_947149,36,软件体系结构,工学
C_1412527,36,信息素养通识教程：数字化生存的必修课,教育学
C_817691,36,新视野大学英语,文学
C_890259,37,企业战略管理,管理学
C_680753,37,校园风物与大学文化——以清华大学为例,教育学
C_681682,37,数学博弈论,理学
C_735288,37,生死学,哲学
C_735364,37,军事理论,军事思想及军事历史
C_681671,37,中国共产党与中华民族伟大复兴,军队政治工作学
C_697024,37,航空航天技术,工学
C_734054,37,项目管理概论,管理学
C_677189,37,家庭理财,应用经济学
C_697802,37,财务分析与决策,经济学
C_948432,37,高等电力系统分析,工学
C_943228,37,数据链技术与系统,工学
C_947253,37,神经网络理论及应用,工学
C_681711,37,航空发动机控制,工学
C_696827,37,概率论与数理统计,数学
C_1732839,38,英语词汇记忆奥秘,文学
C_682277,38,交互设计,艺术学
C_697401,38,人力资源管理,管理学
C_676902,38,西方思想经典与现代社会,社会学
C_697191,38,英语美文悦读 I –人文篇,文学
C_682473,38,庄子寓言及其智慧,文学
C_696821,38,STEM课程设计与案例分析,教育学
C_680808,38,建筑环境学,建筑学
C_677099,39,水处理工程-物化技术,水利工程
C_756654,39,医学免疫学原理,临床医学
C_677144,39,游戏心理学,教育学
C_682581,39,跨文化交流英语,文学
C_887148,39,随机过程及应用,理学
C_677129,39,媒体大数据挖掘与案例实战,工学
C_697005,39,视觉语言,艺术学
C_696586,39,神经病学,心理学
C_1738959,39,机械制造实习,工学
C_1756063,39,Conversational English Skills,文学
C_735269,39,飞机飞行动力学,工学
C_746985,39,设计的人因与文化,艺术学
C_682704,39,定性研究方法,系统科学
C_697289,39,创新思维与发明问题解决方法,管理学
C_682309,40,IC设计与方法,工学
C_696787,40,工程热力学（上）,动力工程及工程热物理
C_681414,40,飞机推进系统原理,工学
C_676966,40,医学科研设计,科学技术史
C_697395,40,管理沟通,管理学
C_697072,40,Grasshopper参数化设计与建模,工学
C_680836,40,组织行为学——如何有效管理员工行为,管理学
C_677133,40,数据库系统（上）：模型与语言,工学
C_677030,40,逻辑思维与写作,外国语言文学
C_734037,40,宪法学,法学
C_707384,40,离散数学,理学
C_681355,40,PPT入门到精通,教育学
C_696555,40,学会学：学习之道,教育学
C_682246,41,数理统计,理学
C_680884,41,复变函数,理学
C_707022,41,创业导引——与创业名家面对面,管理学
C_682147,41,中国哲学新视野,哲学
C_769293,41,数据结构(上),计算机科学与技术
C_936973,41,西方哲学史,哲学
C_696889,41,控制工程基础,控制科学与工程
C_697108,41,日常思考的科学,教育学
C_682259,41,通信原理,工学
C_680730,42,手把手教你心理咨询：谈话的艺术,心理学
C_1795810,42,世界冠军刘伟教你打乒乓,工学
C_682129,42,软件理论基础,工学
C_854868,42,法学高级入门,法学
C_1718815,42,人格与精神障碍——学做自己的心理医生,教育学
C_682137,42,电力市场概论,经济学
C_948078,42,商务英语翻译,文学
C_696807,43,机械设计,工学
C_694140,43,生产计划与控制,管理科学与工程
C_682512,43,金融工程,应用经济学
C_747064,43,自动控制原理,工学
C_819285,43,太空生存,工学
C_680823,43,营销在移动互联网时代,管理学
C_677014,43,中国传统文化,历史学
C_696692,43,投资银行学,经济学
C_854871,43,VC++面向对象与可视化程序设计（上）：Windows编程基础,工学
C_947262,43,人力资源管理,管理学
C_735241,44,公司金融学,经济学
C_735164,44,理工学术英语,外国语言文学
C_697299,44,营销：人人都需要的一门课,管理学
C_697027,44,电路分析基础,工学
C_696918,44,暖通空调,大气科学
C_682671,44,光学工程基础,光学工程
C_770751,44,Linux导论,计算机科学与技术
C_947244,44,兵棋,军事学
C_934528,44,犯罪心理学,法学
C_1748240,45,教育定量研究方法（高级）,教育学
C_682624,45,大学化学,化学
C_898349,45,计算机程序设计基础,工学
C_674910,45,图案审美与创作,历史学
C_784172,45,C语言程序设计（上）,计算机科学与技术
C_948423,46,文献信息检索与利用,教育学
C_682346,46,大数据算法,工学
C_682308,46,网络安全概述,工学
C_1765606,46,计算机科学和Python编程导论（国际版）,工学
C_845674,46,经济学视角看城市,经济学
C_676915,46,现代礼仪,艺术学
C_680757,46,量子力学（下）,物理学
C_696687,46,普通生物学,生物学
C_676695,47,科研伦理与学术规范,管理科学与工程
C_682452,47,现代生物学导论,理学
C_682742,47,财务报表分析,工商管理
C_682224,47,随机过程,理学
C_737512,47,财务分析与估值,工商管理
C_749807,47,大学计算机基础,工学
C_682523,47,互联网金融,工商管理
C_680777,48,山水画技法,艺术学
C_735129,48,电动力学（上）,理学
C_1647264,48,新城市科学,教育学
C_682189,48,面向对象程序设计（C++）,计算机科学与技术
C_1527465,49,逻辑学基础理论,哲学
C_1552662,49,大数据可视化,工学
C_696721,49,工程应用数学基础,理学
C_948136,49,英文期刊论文发表——通往国际学术舞台的阶梯,文学
C_696704,49,信息化教学资源设计与制作——基于PPT数字教学资源开发,艺术学
C_1767126,49,计算未来云讲坛（2020）——清华大学计算机系前沿系列讲座,工学
C_677097,49,自然辩证法,教育学
C_676996,50,20世纪西方音乐,艺术学
C_696673,50,Linux操作系统分析,工学
C_934526,50,学术素养,工学
C_948415,50,清华大学轮滑体育课（基础篇）,工学
C_676662,50,生活、艺术与时尚：中国服饰七千年,艺术学
C_845950,50,高等数学,理学
C_756646,50,病理生理学,临床医学
C_680961,50,思维与逻辑——应该如何讲理,文学
C_943255,50,电路分析基础就是这点事儿,工学
C_682595,51,统计信号处理,工学
C_696835,51,公共管理前沿——社会企业家精神,管理学
C_674938,51,自我认知与情绪管理,管理学
C_681754,51,商务形象设计,文学
C_936987,51,Python程序设计：从通用基础到前沿应用,工学
C_680752,51,适老居住空间与环境设计,建筑学
C_697422,52,MIT创业课,管理学
C_676642,52,创办新企业,工商管理
C_949540,52,大学生心理健康,医学
C_936913,52,实验室安全密码,艺术学
C_948411,52,试验设计与分析,理学
C_682155,52,数字超大规模集成电路设计,工学
C_682256,53,运筹学,工学
C_680740,53,产业组织理论,经济学
C_697161,53,财务报表分析逻辑与技巧,工商管理
C_682415,53,《史记》十讲,教育学
C_1429002,53,高级操作系统,工学
C_797938,54,娱乐产业运营系列讲座,管理学
C_682330,54,自动控制理论（2）,工学
C_735046,54,绿色创新理论与实践,管理学
C_707093,55,临床流行病学,医学
C_680803,55,工程材料,材料科学与工程
C_680754,55,界面设计导论,信息与通信工程
C_677130,55,歌唱启蒙与表演——教你成为歌唱达人,艺术学
C_682597,56,数字集成电路分析与设计,电子科学与技术
C_707096,56,e时代的新课堂——在线教育概论,教育学
C_934520,56,数据挖掘,工学
C_682427,56,材料学概论,材料科学与工程
C_696939,57,英语语音,文学
C_879054,57,明·园境赏析：明代11佳园,教育学
C_682696,57,图像处理与分析,教育学
C_696746,57,系统工程原理,理学
C_696928,57,设计伦理,艺术学
C_682195,57,明·园境赏析：明代36佳境,教育学
C_948408,57,量子力学前沿选题,理学
C_680732,57,肿瘤生物学概论,生物学
C_682515,58,系统工程,工学
C_682546,58,运营管理,管理学
C_943267,58,电影中的经典音乐,艺术学
C_936990,58,结构力学（一）,理学
C_697270,58,证券投资分析,经济学
C_697007,59,英语语法与写作,文学
C_866164,59,建筑冷热源,工学
C_735273,59,计量经济学,经济学
C_696597,60,大学生心理健康,医学
C_735244,60,日语与日本文化进阶,教育学
C_677031,60,传播学原理,新闻传播学
C_696729,60,电路原理,电气工程
C_854832,60,研究生学术与职业素养讲座,管理学
C_866769,60,电工技术,工学
C_948427,61,税法,教育学
C_682610,61,基于Linux的C++,计算机科学与技术
C_682759,62,JAVA程序设计进阶,计算机科学与技术
C_707035,62,现代生活美学——花香茶之道,哲学
C_696972,62,学术英语,文学
C_769301,62,医务专科医学概论,医学
C_677110,62,科学计算与MATLAB语言,理学
C_735239,62,小白学人工智能,工学
C_679390,62,中国传统装饰,工学
C_781494,63,通过实验学电路,工学
C_756642,63,护理研究方法,临床医学
C_890220,63,内科学-心血管疾病,医学
C_682379,63,高级大数据系统,工学
C_677047,63,PPP理论与实践,管理科学与工程
C_697166,64,线性代数(2),数学
C_677087,65,中国哲学经典著作导读,中国语言文学
C_697265,65,医的奥秘,医学
C_696626,65,大学国文——先秦至唐文学赏析,文学
C_676953,65,汇编语言程序设计,计算机科学与技术
C_696800,65,管理沟通的艺术,管理科学与工程
C_707373,66,日本文化概论,管理学
C_680895,66,儿童口腔医学,医学
C_674953,66,高级医学英语,医学
C_749769,66,知识产权法律及实务,法学
C_682210,67,中医养生方法学,法学
C_707037,67,艺术的启示,艺术学
C_854855,67,教育学导引,教育学
C_854843,67,汽车理论,交通运输工程
C_680780,67,建设项目管理,管理科学与工程
C_840084,67,讲中国教育故事  悟中华教育智慧,教育学
C_681255,68,时尚化妆造型,艺术学
C_922850,68,现代电子系统设计,工学
C_697208,68,信号与系统分析,工学
C_707456,68,数据库技术与程序设计,工学
C_681678,68,Linux 内核分析与应用,计算机科学与技术
C_677093,68,人像摄影,艺术学
C_697096,69,运动与减脂塑形,体育学
C_677019,69,英语畅谈中国,文学
C_707025,69,大学历史与文化,历史学
C_697423,69,花卉鉴赏,艺术学
C_677020,69,中国古代礼义文明——礼学经典,历史学
C_681005,69,女性修与养：女性运动、营养与健康,食品科学与工程
C_680828,70,牙周病学,口腔医学
C_948412,70,流体力学,工学
C_881478,70,2017年清华大学研究生学位论文答辩（一）,教育学
C_677243,70,《易经》的政治智慧,法学
C_676649,71,儒家修身之道,中国语言文学
C_735253,71,建筑工程施工,工学
C_674971,71,宝玉石鉴赏,历史学
C_677045,72,e时代的教与学——慕课引发的混合式教学,教育学
C_1738993,72,游戏程序设计,工学
C_697025,72,中医与诊断-学做自己的医生,医学
C_1806527,72,清华MBA数字化战略,军事学
C_948431,72,高级公司理财,经济学
C_697748,72,项目管理概论,管理学
C_697176,72,简明线性代数,数学
C_682360,73,网络技术与应用,计算机科学与技术
C_676658,73,党的十九大精神概论,军队政治工作学
C_883372,73,计算几何,数学
C_697165,73,北大AI公开课,工学
C_697069,74,大唐兴衰,历史学
C_682183,74,数值分析,理学
C_677095,74,庄子哲学导读,哲学
C_948209,74,自然辩证法概论,军事学
C_694143,74,教育社会学,教育学
C_789278,75,游戏分析与评测,教育学
C_707032,75,文物精品与文化中国,教育学
C_680931,75,基于R语言的社会统计分析,计算机科学与技术
C_943250,75,柔性电子技术,工学
C_682466,75,清华院系概览,教育学
C_697026,75,思想道德修养与法律基础,军事学
C_696976,76,管理学,管理学
C_1797904,76,深度学习基础,工学
C_677136,76,教学论,教育学
C_707127,76,心理统计,教育学
C_948419,77,马克思与当代欧陆思想,法学
C_677236,77,心理学与生活,心理学
C_697778,78,ARM微控制器与嵌入式系统,计算机科学与技术
C_697039,78,英语写作指导——科学写作,外国语言文学
C_799800,78,大学物理2 (电磁学、光学和量子物理),物理学
C_676686,79,经典与思考——人文清华大师面对面,教育学
C_862969,79,医学英语词汇进阶,医学
C_677038,81,e时代的大佬师——慕课教师的修炼心法,教育学
C_682586,81,视觉传达设计思维与方法,艺术学
C_697828,81,程序设计基础,工学
C_676913,81,习近平新时代中国特色社会主义思想,军队政治工作学
C_696980,82,日语初级,教育学
C_948417,82,大学新生适应指南,教育学
C_682345,82,自动控制理论（1）,工学
C_696899,83,Office办公软件应用,工学
C_947252,83,国际金融专题,经济学
C_697087,83,微积分——多元函数与重积分,数学
C_760442,83,自然辩证法概论,历史学
C_697415,84,走进医学,医学
C_931245,84,韩语日常会话入门,文学
C_677218,85,计算机网络,计算机科学与技术
C_780629,86,Python语言程序设计,工学
C_697374,86,职业探索与选择,教育学
C_677159,86,影视制作入门,艺术学
C_735214,87,互联网创新与创业,管理学
C_682485,88,概率论——不确定性的科学,数学
C_697360,88,有限元分析及应用,数学
C_682442,88,组合数学,数学
C_881485,89,行云流水——工科的中文写作,文学
C_685689,89,病理学,医学
C_734011,89,大数据平台核心技术,计算机科学与技术
C_948409,90,大数据治理与政策,工学
C_696954,90,商学导论：10节课带你走进商业世界,管理学
C_1410156,90,操作系统(RISC-V),工学
C_697381,90,中国建筑史——史前至两宋辽金,历史学
C_676673,91,工程伦理,社会学
C_677076,92,美国政治概论,政治学
C_676651,92,创业102：你能为客户做什么？,管理学
C_696826,92,工程制图,机械工程
C_682222,93,信号与系统,工学
C_681655,93,传染病学,临床医学
C_782555,94,模拟电子技术基础(应用部分),电子科学与技术
C_707038,94,有机化学,化学
C_676656,95,创业启程,管理学
C_696946,98,身边的营养学,医学
C_799796,98,大学物理1 (力学、热学),物理学
C_782490,98,微积分（先修课）,理学
C_697797,99,Web前端攻城狮,工学
C_696682,99,文献管理与信息分析,管理学
C_680759,99,量子力学（上）,物理学
C_680933,100,公共管理学,公共管理
C_676969,100,中国房地产发展之路,理论经济学
C_676664,101,大国航母与舰载机,军事学
C_677249,102,质性研究方法,工学
C_707119,102,中国建筑史——元明清与民居,历史学
C_682702,107,金融工程导论,应用经济学
C_697117,108,西方哲学精神探源,哲学
C_697032,110,英语写作指导——写作入门,文学
C_696841,113,公共危机管理,公共管理
C_696855,118,计算机文化基础,工学
C_697075,118,微积分——极限理论与一元函数,经济学
C_696554,121,大数据系统基础,工学
C_697405,122,住宅精细化设计,建筑学
C_696908,122,走进心理学,教育学
C_676676,123,沟通心理学,教育学
C_866756,124,运动与健康,体育学
C_680762,124,数据科学导论,计算机科学与技术
C_677146,125,大数据技术与应用,工学
C_697130,126,现代生活美学——插花之道,园艺学
C_854866,126,软件工程,工学
C_873864,126,实用日语会话（Practical Japanese Conversation）,工学
C_948410,127,中国经济概论,经济学
C_680745,128,学做小程序——基础篇,计算机科学与技术
C_696740,128,我国周边14个陆地邻国基本情况介绍,地理学
C_854839,129,微观经济学,经济学
C_697091,134,大数据与城市规划,计算机科学与技术
C_735405,135,货币金融学,应用经济学
C_948468,136,Python大数据分析,工学
C_697149,137,线性代数(1),数学
C_696927,138,社会研究方法,社会学
C_677049,141,中国近现代史纲要,历史学
C_770784,141,经济学原理,理论经济学
C_801420,143,马克思主义基本原理,法学
C_697236,147,信息素养——学术研究的必修课,教育学
C_1903985,148,公司并购与重组,工学
C_697018,148,数字电子技术基础,电子科学与技术
C_916828,149,R语言数据分析,工学
C_682458,151,会计学原理,应用经济学
C_955163,153,学做小程序——实战篇：树洞小程序,工学
C_735157,159,算法设计与分析,计算机科学与技术
C_746997,159,模拟电子技术基础(基础部分),电子科学与技术
C_788575,165,学术论文文献阅读与机助汉英翻译,文学
C_697293,165,英文科技论文写作与学术报告,外国语言文学
C_879040,175,经济学原理（宏观部分）,经济学
C_696911,178,毛泽东思想和中国特色社会主义理论体系概论,军队政治工作学
C_696968,179,生活英语读写,文学
C_697188,179,新闻摄影,文学
C_1794464,181,在线教学课例与解析,教育学
C_676683,191,积极心理学（下）自强不息篇,心理学
C_677010,191,Java程序设计,计算机科学与技术
C_735342,193,经济学原理（微观部分）,理论经济学
C_676937,198,C++语言程序设计进阶,计算机科学与技术
C_696922,198,大数据机器学习,计算机科学与技术
C_707081,203,人工智能原理,工学
C_1428968,213,区块链和加密数字货币,工学
C_674920,215,逻辑学概论,哲学
C_696942,217,日语与日本文化,教育学
C_674903,221,不朽的艺术：走进大师与经典,艺术学
C_697034,223,唐宋词鉴赏,历史学
C_697068,232,Python程序设计基础,工学
C_735351,235,积极心理学（上）厚德载物篇,教育学
C_694136,266,数据挖掘：理论与算法,工学
C_696724,270,概率论与数理统计,数学
C_696679,297,电路原理,电气工程
C_629559,301,生活英语进阶,外国语言文学
C_770738,308,数据结构(下),工学
C_697821,319,操作系统,计算机科学与技术
C_696700,334,《资治通鉴》导读,历史学
C_707031,354,如何写好科研论文,文学
C_676932,441,心理学概论,心理学
C_697791,471,C++语言程序设计基础,计算机科学与技术
C_883345,606,数据结构(上),工学
C_696994,712,生活英语听说,文学
